ID_Unit,Tegangan_Output_Volt,Arus_Output_Ampere,Suhu_Komponen_Celcius,Waktu_Uji_Detik,Line_Perakitan,Status_Akhir
U00001,11.874,2.16,49.2,16.6,L1,Lolos
U00002,11.756,2.396,43.5,17.5,L2,Lolos
U00003,12.292,1.79,48.5,18.1,L2,Lolos
U00004,11.932,1.894,35.0,20.9,L3,Lolos
U00005,,2.202,47.9,13.8,L1,Lolos
U00006,12.333,2.208,49.5,14.9,L2,Lolos
U00007,12.409,2.274,45.9,14.3,L3,Lolos
U00008,,2.254,52.0,20.6,L2,Lolos
U00009,11.476,1.617,46.7,17.7,L3,Lolos
U00010,11.966,1.88,45.9,15.3,L1,Lolos
U00011,10.598,2.441,64.5,17.3,L2,Gagal
U00012,11.553,1.978,39.3,16.1,L2,Lolos
U00013,11.441,2.106,57.2,13.7,L2,Gagal
U00014,12.366,1.967,52.9,21.8,L2,Lolos
U00015,12.228,,50.1,17.6,L2,Lolos
U00016,,1.94,42.6,21.9,L2,Lolos
U00017,11.775,1.72,47.1,13.7,L2,Lolos
U00018,12.208,2.289,46.6,19.5,L3,Gagal
U00019,,1.983,41.6,13.7,L2,Lolos
U00020,11.805,1.988,45.8,25.3,L2,Lolos
U00021,11.949,2.142,39.7,12.8,L3,Lolos
U00022,11.804,1.929,43.6,23.4,L1,Lolos
U00023,12.091,2.419,38.4,17.9,L1,Lolos
U00024,12.345,2.307,48.9,17.5,L1,Lolos
U00025,10.365,2.071,61.8,19.8,L1,Gagal
U00026,12.297,2.049,58.2,15.2,L1,Lolos
U00027,12.445,2.303,38.8,20.4,L1,Lolos
U00028,12.523,1.84,39.9,20.6,L2,Lolos
U00029,11.167,2.089,55.4,18.0,L3,Gagal
U00030,11.772,2.516,61.4,18.8,L2,Gagal
U00031,11.611,2.608,53.9,23.8,L3,Gagal
U00032,11.62,2.268,51.5,20.0,L3,Lolos
U00033,11.542,2.079,48.9,15.7,L1,Lolos
U00034,11.991,1.936,35.1,20.3,L1,Lolos
U00035,11.855,1.665,46.0,16.4,L2,Lolos
U00036,11.94,2.034,38.2,15.8,L3,Lolos
U00037,10.748,2.577,52.2,19.5,L3,Gagal
U00038,12.756,2.311,43.2,15.0,L1,Lolos
U00039,11.838,2.268,50.1,18.1,L1,Lolos
U00040,12.205,2.197,45.5,20.0,L3,Lolos
U00041,12.182,2.553,42.9,23.7,L3,Lolos
U00042,10.371,1.596,73.0,19.9,L3,Gagal
U00043,12.513,2.058,40.3,13.6,L3,Lolos
U00044,12.219,1.766,47.4,14.1,L1,Lolos
U00045,12.055,2.388,49.7,23.2,L3,Lolos
U00046,12.37,1.862,46.7,16.1,L3,Lolos
U00047,11.983,,40.3,13.5,L2,Lolos
U00048,12.309,1.888,40.0,15.0,L1,Lolos
U00049,11.343,2.105,49.4,20.4,L2,Lolos
U00050,12.286,1.973,51.9,18.3,L2,Lolos
U00051,12.064,1.997,45.4,19.9,L1,Lolos
U00052,,2.083,37.8,17.9,L1,Lolos
U00053,11.489,2.622,52.2,14.7,L1,Gagal
U00054,11.923,1.973,54.8,12.6,L1,Lolos
U00055,11.913,2.223,39.6,15.5,L1,Lolos
U00056,11.601,2.259,43.8,18.4,L3,Lolos
U00057,12.125,1.896,46.0,14.4,L1,Lolos
U00058,12.551,2.471,52.2,20.9,L2,Lolos
U00059,11.503,2.186,42.5,15.0,L3,Lolos
U00060,11.606,2.13,57.4,13.0,L1,Gagal
U00061,11.853,2.154,54.0,18.0,L2,Lolos
U00062,11.812,2.26,36.8,20.3,L1,Lolos
U00063,11.345,2.494,45.4,22.5,L1,Gagal
U00064,12.031,2.05,45.1,13.2,L2,Lolos
U00065,12.065,,51.5,22.3,L2,Lolos
U00066,11.604,1.758,47.7,18.6,L3,Lolos
U00067,12.381,2.17,52.1,16.1,L2,Lolos
U00068,12.062,,40.9,20.0,L1,Gagal
U00069,12.208,2.128,47.7,22.1,L1,Lolos
U00070,12.425,2.221,28.6,13.0,L2,Lolos
U00071,,1.972,53.6,16.7,L1,Lolos
U00072,10.918,1.761,55.7,16.4,L1,Gagal
U00073,11.943,1.816,43.7,19.9,L2,Lolos
U00074,11.42,,44.7,22.4,L1,Gagal
U00075,11.72,2.314,44.4,18.2,L3,Lolos
U00076,11.503,1.714,59.1,17.1,L3,Gagal
U00077,11.631,2.02,48.1,19.3,L1,Lolos
U00078,12.141,1.633,56.8,17.3,L3,Lolos
U00079,12.099,,43.9,11.5,L3,Lolos
U00080,11.946,1.961,57.8,19.6,L2,Lolos
U00081,11.639,2.59,33.5,21.0,L2,Lolos
U00082,11.871,1.865,41.1,21.2,L2,Lolos
U00083,12.323,2.262,37.9,14.5,L2,Lolos
U00084,12.521,2.252,50.1,19.8,L1,Lolos
U00085,12.684,1.951,38.4,22.6,L1,Lolos
U00086,12.184,2.03,51.7,25.6,L3,Lolos
U00087,12.088,,49.8,19.4,L2,Lolos
U00088,12.157,1.814,46.7,21.0,L1,Lolos
U00089,12.675,1.792,45.0,15.0,L2,Lolos
U00090,12.182,1.898,39.3,14.6,L2,Lolos
U00091,12.031,1.715,49.3,21.0,L1,Lolos
U00092,11.904,1.875,42.6,11.9,L1,Lolos
U00093,10.959,2.449,58.5,18.5,L3,Gagal
U00094,12.135,2.04,54.6,22.3,L2,Lolos
U00095,11.737,2.111,43.8,20.1,L2,Lolos
U00096,11.781,1.951,53.5,20.1,L1,Lolos
U00097,11.978,1.808,46.8,17.9,L1,Lolos
U00098,11.842,2.106,49.2,16.8,L2,Lolos
U00099,12.209,2.198,37.7,24.5,L1,Lolos
U00100,12.236,1.879,41.5,21.7,L1,Lolos
U00101,12.092,1.754,41.4,20.5,L1,Lolos
U00102,12.171,1.888,53.7,18.1,L3,Lolos
U00103,10.405,2.316,53.8,16.2,L3,Gagal
U00104,10.174,2.633,54.8,21.2,L1,Gagal
U00105,11.693,2.173,45.2,17.1,L1,Lolos
U00106,12.248,1.999,43.5,18.2,L3,Lolos
U00107,10.506,2.639,43.3,19.8,L2,Gagal
U00108,12.299,1.991,34.2,18.6,L3,Lolos
U00109,12.319,2.353,43.6,22.6,L3,Lolos
U00110,11.907,2.305,43.9,14.0,L3,Lolos
U00111,11.793,2.288,40.3,18.2,L1,Lolos
U00112,12.003,2.08,46.5,24.4,L2,Lolos
U00113,11.985,2.029,57.4,20.7,L2,Lolos
U00114,12.219,2.001,54.6,17.4,L3,Lolos
U00115,11.181,2.213,45.5,20.4,L2,Lolos
U00116,11.743,1.803,45.7,17.9,L3,Lolos
U00117,11.646,,49.2,22.4,L3,Lolos
U00118,11.119,2.417,46.8,20.5,L3,Lolos
U00119,11.827,2.156,49.2,15.4,L2,Lolos
U00120,11.475,2.239,47.0,18.7,L2,Lolos
U00121,11.864,1.695,45.9,19.3,L1,Lolos
U00122,11.829,1.892,41.4,19.4,L3,Lolos
U00123,12.159,2.083,47.5,19.0,L1,Lolos
U00124,11.912,,31.7,19.7,L1,Lolos
U00125,11.408,1.694,46.9,19.3,L2,Lolos
U00126,12.121,2.19,32.9,15.8,L2,Lolos
U00127,12.847,2.269,46.9,16.6,L2,Lolos
U00128,12.376,1.929,39.4,17.2,L1,Lolos
U00129,12.238,2.199,53.0,18.3,L3,Lolos
U00130,11.932,2.507,45.8,17.2,L3,Lolos
U00131,11.828,2.381,45.3,21.3,L1,Lolos
U00132,11.804,1.94,47.7,15.1,L2,Lolos
U00133,12.084,1.724,40.1,12.8,L1,Lolos
U00134,11.602,2.058,52.0,23.9,L3,Lolos
U00135,10.869,3.049,58.4,15.5,L2,Gagal
U00136,11.768,2.335,42.0,21.3,L2,Lolos
U00137,11.4,1.998,38.9,19.8,L1,Lolos
U00138,11.763,2.391,42.8,15.7,L3,Lolos
U00139,12.438,2.292,44.4,17.6,L2,Lolos
U00140,12.048,1.525,38.5,17.2,L3,Lolos
U00141,10.757,2.265,42.3,19.1,L1,Lolos
U00142,11.764,2.03,41.5,15.7,L1,Lolos
U00143,12.316,1.783,43.8,17.5,L3,Lolos
U00144,11.896,2.023,43.8,17.9,L1,Lolos
U00145,12.183,2.104,47.9,21.3,L1,Lolos
U00146,11.862,1.801,45.2,16.8,L1,Lolos
U00147,12.064,1.97,47.4,15.1,L2,Lolos
U00148,12.012,,46.5,16.4,L1,Lolos
U00149,11.774,2.199,43.8,19.1,L2,Lolos
U00150,12.2,1.925,49.1,12.7,L3,Lolos
U00151,12.536,1.575,28.5,21.6,L1,Lolos
U00152,12.135,1.888,42.8,18.1,L1,Lolos
U00153,12.036,,41.6,19.3,L2,Lolos
U00154,11.705,1.676,45.7,18.7,L2,Lolos
U00155,,2.295,41.2,16.0,L2,Lolos
U00156,11.821,2.201,48.3,14.8,L2,Lolos
U00157,,2.24,57.0,15.9,L3,Gagal
U00158,12.267,1.683,36.7,13.5,L3,Lolos
U00159,12.346,1.974,46.3,19.0,L2,Lolos
U00160,12.352,1.669,37.3,17.5,L3,Lolos
U00161,12.339,1.939,47.9,13.4,L2,Lolos
U00162,11.56,2.018,42.2,16.2,L1,Lolos
U00163,11.699,2.076,40.2,20.0,L2,Lolos
U00164,11.52,2.085,34.7,21.9,L3,Lolos
U00165,11.496,1.805,44.4,14.1,L2,Lolos
U00166,12.534,2.018,38.1,24.5,L2,Lolos
U00167,11.655,,36.1,15.1,L3,Lolos
U00168,11.606,1.476,46.1,12.9,L3,Lolos
U00169,11.98,2.081,50.8,23.3,L1,Lolos
U00170,11.739,1.705,47.4,14.9,L1,Lolos
U00171,12.792,2.351,36.4,22.6,L2,Lolos
U00172,11.904,2.204,44.2,16.0,L1,Lolos
U00173,12.156,2.196,49.1,17.1,L3,Lolos
U00174,11.727,1.787,44.2,14.1,L3,Lolos
U00175,11.418,2.066,47.0,21.8,L2,Lolos
U00176,11.745,2.094,42.4,21.4,L2,Lolos
U00177,10.757,,47.9,16.0,L2,Gagal
U00178,11.746,2.037,41.0,17.8,L1,Lolos
U00179,11.44,2.153,48.7,20.0,L3,Lolos
U00180,12.048,1.646,49.1,16.6,L2,Lolos
U00181,10.934,2.524,52.5,22.1,L2,Gagal
U00182,11.46,2.025,49.5,17.7,L2,Lolos
U00183,12.037,2.345,36.4,16.4,L2,Lolos
U00184,12.267,1.897,44.0,13.3,L3,Lolos
U00185,,,36.9,14.1,L1,Lolos
U00186,11.153,2.085,38.2,19.8,L1,Lolos
U00187,11.744,1.298,36.8,18.7,L1,Lolos
U00188,11.52,1.911,41.1,20.4,L2,Lolos
U00189,11.772,2.022,48.7,16.3,L1,Lolos
U00190,11.971,1.849,52.1,13.1,L3,Gagal
U00191,11.745,2.169,41.5,16.5,L3,Lolos
U00192,11.834,2.021,44.0,24.1,L3,Lolos
U00193,11.277,2.703,42.1,15.1,L2,Gagal
U00194,12.569,2.18,48.4,17.9,L2,Lolos
U00195,11.195,1.897,31.5,10.8,L3,Lolos
U00196,11.805,2.011,40.8,16.4,L3,Lolos
U00197,11.697,2.216,44.5,16.8,L1,Lolos
U00198,11.398,2.014,47.7,19.0,L1,Lolos
U00199,12.386,1.539,46.4,17.0,L1,Lolos
U00200,11.369,2.013,44.7,13.4,L2,Lolos
U00201,11.839,2.016,53.7,16.0,L2,Lolos
U00202,11.972,,57.1,17.4,L1,Lolos
U00203,11.737,1.914,45.0,15.0,L1,Lolos
U00204,11.393,1.756,44.4,15.4,L2,Lolos
U00205,11.941,1.756,44.0,21.0,L2,Lolos
U00206,10.73,2.769,50.5,16.1,L3,Gagal
U00207,12.283,2.072,47.3,19.3,L1,Lolos
U00208,,2.348,52.6,17.5,L3,Lolos
U00209,12.68,2.384,30.1,14.3,L1,Lolos
U00210,12.038,1.814,44.0,17.0,L1,Lolos
U00211,12.206,1.795,53.9,18.9,L2,Lolos
U00212,10.735,2.318,59.3,23.2,L1,Gagal
U00213,12.599,2.154,47.5,15.7,L2,Lolos
U00214,12.004,1.65,35.4,17.7,L1,Lolos
U00215,11.964,2.114,49.2,20.7,L1,Lolos
U00216,12.189,2.101,51.1,21.8,L2,Lolos
U00217,11.774,1.719,46.2,16.1,L1,Lolos
U00218,11.825,1.727,41.1,17.5,L2,Lolos
U00219,12.189,2.111,47.7,21.3,L1,Lolos
U00220,12.256,2.518,38.8,19.5,L2,Lolos
U00221,12.209,1.926,38.0,21.1,L1,Lolos
U00222,11.972,2.082,49.8,21.5,L1,Lolos
U00223,12.095,1.849,51.6,19.7,L3,Lolos
U00224,12.336,2.059,40.5,18.4,L1,Lolos
U00225,11.617,1.844,38.0,16.0,L3,Lolos
U00226,12.0,1.935,39.7,17.3,L1,Lolos
U00227,10.981,2.612,46.2,17.5,L1,Lolos
U00228,12.259,2.027,38.0,21.6,L3,Lolos
U00229,11.726,1.609,52.7,18.5,L2,Lolos
U00230,11.735,2.161,42.2,18.6,L1,Lolos
U00231,11.957,2.282,47.2,15.0,L1,Lolos
U00232,12.217,2.169,40.5,21.6,L1,Lolos
U00233,12.837,1.956,48.5,15.7,L1,Lolos
U00234,11.456,1.771,49.0,17.1,L3,Lolos
U00235,11.703,1.777,34.9,21.9,L3,Lolos
U00236,12.08,1.953,40.9,20.7,L1,Lolos
U00237,11.746,1.908,44.1,15.5,L1,Lolos
U00238,12.293,1.86,41.8,14.8,L2,Lolos
U00239,11.941,2.304,50.2,17.4,L3,Lolos
U00240,12.31,2.23,41.4,16.3,L1,Lolos
U00241,11.913,2.317,49.3,13.6,L3,Lolos
U00242,12.191,1.803,47.9,15.7,L1,Lolos
U00243,11.665,1.77,44.4,9.8,L3,Lolos
U00244,12.678,2.019,49.5,20.7,L3,Lolos
U00245,11.405,2.104,35.8,20.5,L2,Lolos
U00246,11.752,2.018,44.6,22.2,L2,Lolos
U00247,11.503,2.087,40.4,19.1,L1,Lolos
U00248,11.329,2.723,54.4,16.7,L3,Gagal
U00249,12.189,1.945,42.2,21.1,L3,Lolos
U00250,11.574,2.202,45.4,15.9,L3,Lolos
U00251,12.349,2.129,45.1,14.0,L3,Lolos
U00252,11.756,2.024,45.8,17.6,L1,Lolos
U00253,12.136,2.19,46.1,19.2,L2,Lolos
U00254,12.218,1.808,48.4,15.6,L2,Lolos
U00255,11.914,1.758,37.4,14.9,L1,Lolos
U00256,12.318,2.108,48.1,16.7,L3,Lolos
U00257,10.692,1.926,42.3,19.2,L1,Gagal
U00258,12.119,2.128,28.2,17.6,L2,Lolos
U00259,,2.183,69.3,25.9,L1,Gagal
U00260,10.068,2.597,46.9,17.6,L3,Gagal
U00261,11.957,1.901,42.3,20.3,L1,Lolos
U00262,11.694,2.363,33.8,13.7,L2,Lolos
U00263,12.487,,42.3,19.8,L2,Lolos
U00264,11.523,1.937,46.2,16.6,L1,Lolos
U00265,12.429,2.216,46.5,18.0,L3,Lolos
U00266,,2.073,37.8,23.1,L1,Lolos
U00267,12.142,1.983,42.3,16.9,L2,Lolos
U00268,11.517,1.899,47.2,14.1,L1,Lolos
U00269,11.892,1.901,46.4,14.5,L2,Lolos
U00270,11.767,2.589,45.8,18.5,L1,Lolos
U00271,12.736,,49.6,18.4,L3,Lolos
U00272,11.759,1.699,44.3,18.2,L2,Lolos
U00273,12.404,2.294,53.4,14.1,L2,Lolos
U00274,12.409,2.275,43.2,24.1,L3,Lolos
U00275,12.399,1.769,49.2,22.4,L2,Lolos
U00276,11.792,1.562,49.4,18.4,L3,Lolos
U00277,12.632,2.318,35.2,13.4,L3,Lolos
U00278,12.704,,47.6,22.8,L1,Lolos
U00279,12.128,1.877,41.2,21.4,L1,Lolos
U00280,11.837,2.024,38.9,18.3,L3,Lolos
U00281,11.699,1.732,42.5,21.6,L3,Lolos
U00282,12.165,2.231,46.0,16.5,L1,Lolos
U00283,12.023,2.005,35.6,15.1,L1,Lolos
U00284,12.064,1.779,45.2,18.5,L1,Lolos
U00285,11.528,,43.7,13.3,L2,Lolos
U00286,12.012,,51.2,14.7,L2,Lolos
U00287,12.4,1.93,41.2,19.6,L2,Lolos
U00288,12.285,2.154,52.1,18.7,L1,Lolos
U00289,11.855,1.998,47.3,13.9,L2,Lolos
U00290,11.962,1.561,44.8,16.8,L3,Lolos
U00291,11.486,2.187,52.6,14.0,L2,Lolos
U00292,11.767,2.268,56.5,16.5,L2,Lolos
U00293,,2.461,43.7,16.2,L1,Lolos
U00294,12.222,1.525,40.6,21.0,L2,Lolos
U00295,11.753,1.21,47.6,17.5,L3,Lolos
U00296,11.637,2.16,36.5,17.3,L1,Lolos
U00297,12.265,1.85,37.2,16.8,L2,Lolos
U00298,11.852,,52.8,12.8,L1,Lolos
U00299,11.706,2.027,48.4,17.7,L2,Lolos
U00300,12.284,1.888,39.9,19.4,L3,Lolos
U00301,12.161,,63.8,18.7,L3,Lolos
U00302,11.927,1.979,36.7,20.1,L2,Lolos
U00303,11.877,2.142,48.7,20.2,L2,Lolos
U00304,12.133,,40.2,24.6,L3,Lolos
U00305,12.189,2.046,55.7,14.6,L3,Lolos
U00306,12.073,2.111,41.8,18.7,L2,Lolos
U00307,,,43.3,19.0,L1,Lolos
U00308,11.739,2.477,40.7,17.0,L2,Gagal
U00309,,2.06,57.5,16.1,L1,Lolos
U00310,11.94,1.906,41.3,19.5,L3,Lolos
U00311,11.664,1.793,47.9,19.2,L1,Lolos
U00312,11.623,,45.0,14.8,L1,Lolos
U00313,11.12,2.045,47.8,12.6,L3,Gagal
U00314,12.346,2.229,31.6,16.5,L1,Lolos
U00315,11.274,2.382,43.6,16.0,L3,Lolos
U00316,11.863,2.331,43.4,19.8,L3,Lolos
U00317,12.095,1.61,46.9,15.2,L3,Lolos
U00318,12.375,1.765,57.9,17.5,L2,Lolos
U00319,12.63,,48.9,12.9,L2,Lolos
U00320,11.91,2.325,50.2,13.3,L3,Lolos
U00321,12.69,1.758,43.2,15.7,L1,Lolos
U00322,12.159,2.046,37.1,17.2,L2,Lolos
U00323,12.285,1.717,43.3,15.5,L2,Lolos
U00324,11.627,2.069,40.6,18.4,L1,Lolos
U00325,12.159,1.839,44.7,12.9,L2,Lolos
U00326,12.315,2.046,42.0,17.4,L2,Lolos
U00327,11.759,1.697,34.9,17.4,L1,Lolos
U00328,11.088,1.592,52.6,13.7,L1,Lolos
U00329,12.052,2.775,44.2,18.7,L2,Lolos
U00330,11.925,2.017,43.0,11.5,L2,Lolos
U00331,12.47,2.534,38.4,15.9,L3,Lolos
U00332,11.812,2.377,42.1,20.4,L1,Lolos
U00333,11.753,,39.8,11.3,L1,Lolos
U00334,11.59,2.09,37.8,20.0,L2,Lolos
U00335,11.779,1.676,46.0,14.5,L3,Lolos
U00336,,1.926,42.2,16.2,L2,Lolos
U00337,11.445,1.529,49.5,22.2,L2,Lolos
U00338,11.533,1.606,42.8,16.1,L3,Lolos
U00339,11.981,1.786,45.7,22.8,L1,Lolos
U00340,12.691,1.864,45.5,17.1,L3,Lolos
U00341,12.26,2.01,47.3,17.7,L1,Lolos
U00342,12.543,1.741,40.0,20.5,L1,Lolos
U00343,11.865,2.037,50.4,19.6,L2,Lolos
U00344,11.513,2.284,37.9,18.5,L1,Lolos
U00345,11.843,2.068,45.3,16.6,L3,Lolos
U00346,,1.983,37.8,13.3,L3,Lolos
U00347,12.004,2.085,44.3,13.5,L2,Lolos
U00348,11.925,1.641,50.3,21.9,L3,Lolos
U00349,12.207,2.238,48.3,23.1,L1,Lolos
U00350,11.751,1.701,51.4,18.4,L2,Lolos
U00351,11.675,2.388,43.2,12.7,L1,Lolos
U00352,10.463,2.643,52.4,15.7,L2,Gagal
U00353,12.072,2.139,40.8,15.5,L3,Lolos
U00354,12.037,2.15,42.2,16.3,L3,Lolos
U00355,12.382,2.0,45.8,15.3,L2,Lolos
U00356,12.541,1.803,50.1,19.6,L3,Lolos
U00357,10.96,,48.9,18.7,L2,Gagal
U00358,12.008,2.438,49.2,22.7,L2,Lolos
U00359,11.928,2.026,46.4,16.8,L1,Lolos
U00360,11.462,1.721,47.0,18.6,L3,Lolos
U00361,11.815,2.129,39.9,20.2,L3,Lolos
U00362,12.548,2.086,42.7,21.1,L3,Lolos
U00363,11.779,1.918,44.4,14.3,L2,Lolos
U00364,11.72,1.775,47.0,19.2,L2,Lolos
U00365,11.982,2.184,40.2,18.4,L1,Lolos
U00366,10.926,,47.4,18.9,L2,Gagal
U00367,11.893,2.081,32.2,18.2,L2,Lolos
U00368,,2.018,49.5,23.1,L3,Lolos
U00369,11.2,1.804,50.7,15.3,L3,Lolos
U00370,12.2,2.12,32.9,15.1,L3,Lolos
U00371,12.077,1.841,45.5,15.5,L3,Lolos
U00372,,1.682,42.7,17.1,L1,Lolos
U00373,11.346,2.281,52.3,18.9,L3,Lolos
U00374,11.894,1.743,43.7,16.6,L1,Lolos
U00375,12.337,1.526,48.3,21.0,L2,Lolos
U00376,10.62,2.718,47.4,18.0,L3,Gagal
U00377,12.018,1.564,40.9,17.7,L2,Lolos
U00378,,1.903,49.6,14.0,L3,Lolos
U00379,11.135,2.135,65.6,23.5,L2,Gagal
U00380,11.563,2.109,39.7,17.9,L3,Gagal
U00381,11.502,2.556,51.9,22.9,L2,Lolos
U00382,11.982,1.975,39.2,16.1,L3,Lolos
U00383,11.608,2.271,37.7,20.5,L1,Gagal
U00384,12.328,2.198,45.1,16.3,L2,Lolos
U00385,11.957,1.838,48.0,23.5,L3,Lolos
U00386,12.339,2.269,35.9,21.4,L2,Lolos
U00387,11.981,2.094,33.1,20.5,L3,Lolos
U00388,12.042,2.188,42.0,15.8,L2,Lolos
U00389,10.037,2.206,45.8,23.7,L1,Gagal
U00390,12.229,,53.2,24.1,L2,Lolos
U00391,12.19,1.998,45.1,16.9,L1,Lolos
U00392,11.61,2.282,49.4,18.5,L2,Lolos
U00393,12.076,1.865,46.3,20.8,L1,Lolos
U00394,12.189,2.508,54.4,12.1,L3,Lolos
U00395,12.512,2.085,39.6,21.4,L2,Lolos
U00396,11.647,1.969,44.5,21.1,L3,Lolos
U00397,12.188,1.939,35.6,16.3,L2,Lolos
U00398,11.878,1.998,49.9,11.4,L3,Lolos
U00399,,1.843,51.7,19.0,L2,Lolos
U00400,11.624,2.167,50.2,14.6,L1,Lolos
U00401,11.995,1.997,44.3,13.2,L2,Lolos
U00402,11.539,2.846,47.8,19.1,L1,Gagal
U00403,11.66,1.892,44.5,22.0,L3,Lolos
U00404,12.507,1.97,40.9,17.3,L3,Lolos
U00405,10.342,2.38,61.5,21.6,L1,Gagal
U00406,10.82,,50.6,20.0,L1,Gagal
U00407,11.15,1.639,42.3,13.9,L3,Lolos
U00408,11.911,2.023,58.0,16.3,L3,Lolos
U00409,10.579,2.452,54.5,21.2,L3,Gagal
U00410,12.249,1.718,51.5,16.3,L2,Lolos
U00411,11.963,,41.9,20.5,L2,Lolos
U00412,11.915,1.767,38.4,16.8,L1,Lolos
U00413,,,51.4,20.2,L1,Lolos
U00414,12.333,2.421,54.0,19.3,L2,Lolos
U00415,12.483,1.906,37.3,17.3,L3,Lolos
U00416,11.548,2.036,41.9,20.1,L1,Lolos
U00417,11.93,1.914,39.5,11.5,L2,Lolos
U00418,11.232,1.987,47.9,14.7,L2,Lolos
U00419,11.521,2.27,51.5,16.6,L1,Lolos
U00420,11.754,1.895,42.8,21.5,L2,Lolos
U00421,11.18,1.729,48.2,13.7,L1,Gagal
U00422,11.568,2.428,43.0,17.9,L3,Gagal
U00423,11.899,2.016,39.3,19.0,L3,Lolos
U00424,11.593,2.541,61.0,18.7,L3,Gagal
U00425,11.765,1.954,48.0,17.7,L1,Lolos
U00426,11.302,1.784,50.6,16.1,L2,Lolos
U00427,11.739,1.939,42.8,17.3,L2,Lolos
U00428,11.711,2.648,50.7,20.9,L2,Gagal
U00429,12.164,1.989,45.1,15.9,L3,Lolos
U00430,11.928,2.163,46.9,11.5,L3,Lolos
U00431,12.158,,53.3,19.4,L2,Lolos
U00432,12.324,1.927,41.0,22.5,L2,Lolos
U00433,12.392,1.75,44.2,14.8,L2,Lolos
U00434,12.06,2.323,40.2,22.1,L2,Lolos
U00435,11.602,1.611,33.2,19.6,L2,Lolos
U00436,11.564,2.093,50.5,14.5,L3,Lolos
U00437,11.597,,55.5,15.9,L2,Lolos
U00438,10.678,2.524,58.4,15.8,L2,Gagal
U00439,12.035,1.414,46.4,18.5,L1,Lolos
U00440,11.803,,63.9,17.5,L1,Gagal
U00441,12.074,2.029,47.8,21.3,L1,Lolos
U00442,11.971,1.769,49.8,20.5,L2,Lolos
U00443,12.337,1.839,45.8,13.4,L1,Lolos
U00444,11.71,1.894,46.8,13.7,L2,Lolos
U00445,12.365,1.737,44.2,19.8,L2,Lolos
U00446,12.339,1.694,50.0,16.5,L3,Lolos
U00447,12.021,2.0,38.5,17.5,L1,Lolos
U00448,11.201,1.97,51.3,19.6,L2,Gagal
U00449,12.39,1.874,39.9,20.6,L2,Lolos
U00450,12.016,1.833,48.1,14.3,L3,Lolos
U00451,11.95,1.994,59.4,11.3,L1,Lolos
U00452,11.849,2.597,49.2,17.7,L2,Lolos
U00453,11.954,1.755,52.0,15.4,L2,Lolos
U00454,11.964,2.102,50.4,18.2,L1,Lolos
U00455,11.888,2.055,31.0,17.7,L1,Lolos
U00456,,2.14,44.2,15.1,L2,Lolos
U00457,11.583,1.947,47.7,24.3,L2,Lolos
U00458,11.801,2.36,32.5,18.1,L1,Lolos
U00459,11.441,2.171,43.3,16.3,L3,Lolos
U00460,12.145,2.175,44.5,18.3,L3,Lolos
U00461,12.028,1.646,37.6,19.6,L1,Lolos
U00462,11.957,2.024,39.2,16.1,L1,Lolos
U00463,12.31,1.873,53.0,25.0,L3,Lolos
U00464,10.166,2.356,28.5,13.4,L1,Gagal
U00465,11.751,1.843,46.6,13.6,L2,Lolos
U00466,11.482,1.986,52.0,13.2,L1,Lolos
U00467,,2.114,44.8,18.0,L1,Lolos
U00468,12.212,2.245,53.5,19.4,L3,Lolos
U00469,12.465,2.234,42.4,17.0,L1,Lolos
U00470,12.554,2.073,39.6,19.4,L1,Lolos
U00471,11.851,2.014,44.9,19.4,L1,Lolos
U00472,11.751,1.919,42.7,16.9,L1,Lolos
U00473,11.372,1.938,41.6,19.3,L3,Lolos
U00474,11.616,1.805,43.9,17.4,L2,Lolos
U00475,11.886,1.893,40.2,16.8,L1,Lolos
U00476,10.32,,45.1,16.5,L1,Gagal
U00477,10.172,2.917,45.1,18.7,L3,Gagal
U00478,11.971,1.963,47.5,21.7,L2,Lolos
U00479,12.313,1.798,39.0,14.4,L3,Lolos
U00480,11.749,2.242,37.5,16.6,L3,Lolos
U00481,12.045,1.499,38.6,18.5,L2,Lolos
U00482,12.652,2.261,46.2,23.3,L2,Lolos
U00483,11.368,1.642,49.0,19.3,L3,Lolos
U00484,12.38,2.164,49.5,15.6,L2,Lolos
U00485,12.133,1.881,46.3,15.2,L1,Lolos
U00486,12.443,2.08,48.2,21.0,L3,Lolos
U00487,12.338,2.521,44.7,17.1,L3,Lolos
U00488,11.768,1.791,47.7,14.3,L2,Lolos
U00489,12.001,1.75,47.6,21.0,L1,Lolos
U00490,11.489,2.02,40.6,18.9,L2,Lolos
U00491,11.817,2.381,38.5,14.4,L2,Lolos
U00492,12.01,2.045,53.1,14.0,L1,Lolos
U00493,10.863,2.343,55.0,11.5,L1,Gagal
U00494,12.276,2.042,51.3,16.1,L3,Lolos
U00495,12.554,1.749,38.4,18.9,L3,Lolos
U00496,10.965,2.266,51.7,20.9,L3,Gagal
U00497,,1.902,36.7,19.3,L2,Lolos
U00498,11.702,2.615,61.4,14.1,L3,Gagal
U00499,11.542,,41.3,17.1,L2,Lolos
U00500,11.947,1.669,41.7,22.3,L1,Lolos
U00501,12.041,1.929,56.7,16.5,L3,Lolos
U00502,11.707,2.132,49.0,20.3,L2,Lolos
U00503,11.636,1.755,48.9,19.9,L1,Lolos
U00504,,1.73,37.8,20.3,L1,Lolos
U00505,10.914,2.08,38.6,19.3,L3,Gagal
U00506,11.697,2.086,50.8,20.3,L1,Lolos
U00507,10.987,2.685,41.5,13.6,L2,Gagal
U00508,11.142,2.058,42.0,22.5,L2,Lolos
U00509,12.039,2.616,40.1,12.6,L3,Lolos
U00510,12.185,1.831,39.4,18.9,L3,Lolos
U00511,10.034,2.38,49.0,17.9,L2,Gagal
U00512,11.919,1.723,38.7,16.1,L2,Lolos
U00513,11.88,2.403,37.7,15.1,L3,Lolos
U00514,11.973,2.34,46.5,19.6,L3,Lolos
U00515,12.232,2.178,51.4,20.4,L3,Lolos
U00516,12.201,1.566,34.6,17.7,L3,Lolos
U00517,11.79,2.176,46.2,17.1,L2,Lolos
U00518,10.621,2.326,63.2,21.8,L2,Gagal
U00519,12.058,2.113,47.7,16.7,L3,Lolos
U00520,10.619,,52.4,17.9,L1,Gagal
U00521,11.815,2.067,41.4,17.4,L3,Lolos
U00522,12.078,1.912,49.6,25.4,L2,Lolos
U00523,11.848,1.805,47.0,15.5,L3,Lolos
U00524,11.254,2.532,40.9,20.5,L2,Gagal
U00525,12.879,1.987,43.7,12.9,L3,Lolos
U00526,12.24,1.949,45.3,15.1,L3,Lolos
U00527,11.489,2.229,48.3,17.1,L3,Gagal
U00528,12.179,2.476,43.5,17.6,L3,Lolos
U00529,11.099,2.221,57.5,17.2,L1,Gagal
U00530,12.184,1.549,40.0,17.7,L2,Lolos
U00531,,1.61,46.4,15.9,L3,Lolos
U00532,,2.017,39.1,21.9,L2,Lolos
U00533,12.021,2.257,37.6,15.0,L2,Lolos
U00534,11.542,2.034,48.7,20.2,L2,Lolos
U00535,11.486,2.128,52.0,20.0,L1,Lolos
U00536,12.161,1.985,37.9,15.2,L2,Lolos
U00537,11.606,2.241,50.7,16.9,L1,Lolos
U00538,12.24,2.154,44.9,18.0,L1,Lolos
U00539,12.469,1.745,31.7,23.0,L1,Lolos
U00540,11.923,2.112,36.4,16.9,L1,Lolos
U00541,12.424,1.614,48.6,28.9,L3,Lolos
U00542,12.091,2.112,35.3,20.3,L1,Lolos
U00543,12.009,1.929,41.3,19.0,L3,Lolos
U00544,12.025,2.04,44.5,20.7,L1,Lolos
U00545,11.29,,55.5,12.8,L3,Gagal
U00546,11.664,2.07,46.1,21.5,L2,Lolos
U00547,11.425,2.354,54.4,14.0,L1,Lolos
U00548,11.743,2.009,40.1,20.6,L1,Lolos
U00549,12.749,2.047,45.6,16.2,L1,Lolos
U00550,,,58.5,15.6,L2,Gagal
U00551,11.588,2.474,49.3,23.3,L1,Lolos
U00552,11.718,1.996,51.3,17.7,L1,Lolos
U00553,11.734,1.872,42.4,13.4,L3,Lolos
U00554,12.094,1.884,48.9,20.9,L3,Lolos
U00555,11.786,2.113,39.4,14.3,L3,Lolos
U00556,11.931,1.949,44.5,22.1,L1,Lolos
U00557,11.703,1.563,48.0,18.0,L3,Lolos
U00558,11.834,2.281,50.9,14.2,L2,Lolos
U00559,11.227,2.695,62.0,20.5,L1,Gagal
U00560,11.953,2.287,45.5,19.6,L1,Lolos
U00561,12.693,2.336,44.5,11.6,L3,Lolos
U00562,11.99,2.048,48.3,17.8,L1,Lolos
U00563,11.927,,58.1,18.9,L2,Lolos
U00564,11.126,,50.1,18.7,L2,Lolos
U00565,12.084,1.696,47.3,17.4,L3,Lolos
U00566,11.309,1.912,36.8,20.2,L3,Lolos
U00567,12.193,1.985,39.9,19.7,L3,Lolos
U00568,,2.23,43.1,18.1,L2,Lolos
U00569,11.021,1.778,62.2,17.3,L2,Gagal
U00570,11.778,1.822,39.4,18.4,L1,Lolos
U00571,12.009,1.892,48.9,16.2,L3,Lolos
U00572,12.237,2.117,45.7,14.9,L3,Lolos
U00573,11.675,1.983,47.1,14.6,L1,Lolos
U00574,12.214,1.637,43.7,17.7,L1,Lolos
U00575,12.197,1.687,41.4,15.4,L3,Lolos
U00576,11.953,2.034,39.2,17.5,L3,Lolos
U00577,11.432,2.279,57.2,22.0,L3,Gagal
U00578,12.18,2.007,44.5,17.4,L1,Lolos
U00579,10.819,2.358,52.9,18.4,L3,Gagal
U00580,12.346,2.197,46.3,17.3,L2,Lolos
U00581,11.39,2.392,76.0,21.9,L1,Gagal
U00582,12.279,2.084,43.8,23.0,L2,Lolos
U00583,12.103,2.093,54.9,16.6,L3,Lolos
U00584,11.075,2.399,29.5,20.2,L3,Lolos
U00585,10.802,2.024,49.1,24.3,L1,Gagal
U00586,11.633,2.003,59.9,14.5,L3,Gagal
U00587,11.839,1.916,45.1,20.9,L3,Lolos
U00588,11.852,2.314,41.1,12.8,L3,Lolos
U00589,11.064,2.415,53.2,18.1,L3,Gagal
U00590,11.678,1.802,50.9,17.6,L2,Lolos
U00591,12.39,1.974,57.9,12.9,L1,Lolos
U00592,,2.026,51.4,21.3,L1,Lolos
U00593,12.103,2.299,42.0,18.4,L2,Lolos
U00594,12.27,1.905,43.6,15.2,L1,Lolos
U00595,12.262,1.828,43.6,19.0,L2,Lolos
U00596,12.064,1.773,39.8,20.7,L1,Lolos
U00597,11.928,1.914,44.1,12.7,L3,Lolos
U00598,11.808,2.641,43.4,8.6,L1,Lolos
U00599,11.572,2.096,37.8,17.9,L1,Lolos
U00600,11.76,2.15,50.0,15.7,L2,Lolos
U00601,11.664,2.0,47.5,22.0,L3,Lolos
U00602,,2.034,41.2,16.9,L2,Lolos
U00603,12.631,2.197,45.9,18.9,L3,Lolos
U00604,11.398,,39.2,17.4,L1,Lolos
U00605,12.394,2.087,41.7,13.4,L3,Lolos
U00606,11.567,2.004,49.1,18.1,L1,Lolos
U00607,11.642,1.912,47.8,14.0,L2,Lolos
U00608,11.637,2.106,41.9,13.9,L2,Lolos
U00609,11.611,2.021,46.9,14.7,L2,Lolos
U00610,12.323,2.533,44.6,14.4,L3,Lolos
U00611,12.206,2.263,39.0,17.4,L1,Lolos
U00612,11.919,1.831,44.0,16.8,L3,Lolos
U00613,12.948,1.708,47.6,18.9,L3,Lolos
U00614,11.994,1.9,46.8,13.3,L2,Lolos
U00615,12.021,1.729,34.8,17.2,L1,Lolos
U00616,11.76,1.885,46.0,16.6,L2,Lolos
U00617,11.086,2.035,52.5,18.6,L1,Gagal
U00618,11.813,1.918,33.6,18.7,L3,Lolos
U00619,,1.921,40.2,18.5,L1,Lolos
U00620,12.2,2.037,47.9,15.0,L1,Lolos
U00621,12.672,2.462,63.3,18.1,L3,Gagal
U00622,11.749,1.774,35.2,16.5,L3,Lolos
U00623,12.206,2.304,50.9,21.9,L2,Lolos
U00624,12.107,2.101,33.7,18.3,L1,Lolos
U00625,12.152,1.864,53.4,18.2,L3,Lolos
U00626,,1.778,43.6,14.2,L1,Lolos
U00627,11.636,1.633,40.7,16.2,L1,Lolos
U00628,10.653,2.185,50.5,18.8,L3,Gagal
U00629,12.305,2.262,39.2,17.8,L2,Lolos
U00630,11.784,2.235,48.1,17.7,L1,Lolos
U00631,12.213,1.854,44.3,12.7,L2,Lolos
U00632,12.42,2.342,22.1,15.6,L2,Lolos
U00633,11.873,2.154,40.1,17.2,L2,Lolos
U00634,11.496,2.051,46.1,21.6,L3,Lolos
U00635,11.54,2.215,51.4,12.3,L1,Lolos
U00636,11.763,,47.0,14.9,L2,Lolos
U00637,11.844,2.038,51.3,12.3,L2,Lolos
U00638,11.987,1.94,39.6,19.0,L3,Lolos
U00639,11.994,1.973,49.4,21.6,L2,Lolos
U00640,11.905,,49.5,19.1,L1,Lolos
U00641,12.238,1.8,35.2,19.7,L3,Lolos
U00642,11.734,2.45,51.6,14.9,L1,Lolos
U00643,12.443,1.793,47.0,19.1,L2,Lolos
U00644,12.329,1.537,43.3,15.7,L2,Lolos
U00645,12.303,2.226,43.2,18.2,L1,Lolos
U00646,11.071,2.61,52.6,19.5,L1,Gagal
U00647,,2.076,48.8,17.1,L1,Lolos
U00648,,1.961,46.8,20.5,L3,Lolos
U00649,,2.228,48.5,17.5,L1,Lolos
U00650,,,45.5,18.8,L2,Lolos
U00651,11.741,1.87,46.2,23.7,L1,Lolos
U00652,11.758,,43.2,19.5,L3,Lolos
U00653,10.568,2.625,62.3,15.8,L3,Gagal
U00654,13.005,1.856,48.6,16.6,L1,Lolos
U00655,11.317,2.377,46.0,20.6,L3,Lolos
U00656,,2.279,44.2,21.1,L2,Lolos
U00657,,1.689,34.4,17.9,L1,Lolos
U00658,11.762,2.399,33.1,13.4,L1,Lolos
U00659,11.877,1.703,42.8,15.1,L3,Lolos
U00660,12.138,1.828,52.6,18.5,L2,Lolos
U00661,12.361,2.171,40.8,19.7,L1,Lolos
U00662,11.904,2.26,41.0,21.0,L2,Lolos
U00663,11.602,2.302,42.6,11.9,L3,Gagal
U00664,10.258,2.11,48.1,20.6,L2,Gagal
U00665,11.788,1.935,39.5,22.3,L1,Lolos
U00666,12.173,1.905,46.7,10.8,L1,Lolos
U00667,12.691,2.21,42.0,18.0,L2,Lolos
U00668,11.662,1.899,41.8,20.3,L2,Lolos
U00669,11.6,1.837,41.2,13.8,L3,Lolos
U00670,10.228,2.276,56.8,16.5,L3,Gagal
U00671,12.019,1.851,47.3,19.7,L1,Lolos
U00672,11.749,1.97,33.8,16.4,L3,Lolos
U00673,11.574,1.717,40.4,16.9,L1,Lolos
U00674,11.82,,44.5,18.7,L1,Lolos
U00675,,2.245,47.6,14.5,L3,Lolos
U00676,11.883,1.75,45.8,14.8,L3,Lolos
U00677,12.41,1.673,49.9,19.4,L3,Lolos
U00678,10.751,2.711,49.9,20.8,L2,Gagal
U00679,12.211,2.212,47.5,19.2,L3,Lolos
U00680,11.336,2.764,71.5,22.1,L2,Gagal
U00681,11.498,2.549,60.0,19.3,L2,Gagal
U00682,12.292,2.328,45.5,23.5,L3,Lolos
U00683,11.574,2.221,48.1,18.2,L1,Lolos
U00684,11.806,1.914,41.7,18.8,L3,Lolos
U00685,11.855,1.734,39.3,19.2,L2,Lolos
U00686,12.134,1.679,45.3,16.1,L1,Lolos
U00687,12.221,1.965,35.1,15.7,L3,Lolos
U00688,11.715,1.725,47.4,15.3,L2,Lolos
U00689,11.665,1.801,48.4,16.3,L1,Lolos
U00690,11.29,2.25,43.5,24.2,L3,Gagal
U00691,11.462,2.349,46.0,23.5,L1,Lolos
U00692,12.353,1.622,43.7,17.0,L2,Lolos
U00693,11.922,2.007,53.9,16.7,L3,Lolos
U00694,11.591,1.687,52.9,11.6,L1,Lolos
U00695,11.584,1.861,50.0,15.0,L3,Lolos
U00696,12.11,2.232,52.3,15.6,L2,Lolos
U00697,12.1,1.788,42.8,16.7,L2,Lolos
U00698,11.731,1.934,46.6,16.3,L1,Lolos
U00699,11.96,2.035,43.5,18.6,L3,Lolos
U00700,11.605,2.175,39.0,20.3,L1,Lolos
U00701,11.91,1.863,45.5,15.8,L1,Lolos
U00702,12.516,,44.5,22.3,L1,Lolos
U00703,12.746,1.889,43.8,19.0,L2,Lolos
U00704,11.926,2.121,44.6,20.7,L3,Lolos
U00705,12.151,1.953,45.4,16.7,L3,Lolos
U00706,12.137,2.185,50.3,19.6,L3,Lolos
U00707,11.398,2.507,41.5,19.4,L1,Lolos
U00708,11.598,1.931,37.3,22.4,L2,Lolos
U00709,11.19,1.996,49.1,20.0,L2,Lolos
U00710,12.157,,50.1,20.6,L2,Lolos
U00711,12.37,2.166,57.8,16.4,L2,Gagal
U00712,12.373,1.825,38.2,21.6,L1,Lolos
U00713,12.016,1.995,44.2,14.2,L2,Lolos
U00714,11.966,1.806,46.7,16.3,L2,Lolos
U00715,10.779,2.341,46.1,18.8,L3,Gagal
U00716,12.371,,40.4,14.5,L3,Lolos
U00717,12.075,,44.1,15.2,L3,Lolos
U00718,12.022,2.411,52.1,15.2,L2,Lolos
U00719,11.614,2.162,46.4,19.1,L2,Lolos
U00720,12.21,1.782,41.6,17.5,L3,Lolos
U00721,11.948,1.684,43.8,20.9,L3,Lolos
U00722,12.139,1.609,41.0,23.6,L3,Lolos
U00723,12.35,2.16,42.5,18.8,L3,Lolos
U00724,11.428,2.316,49.3,16.5,L2,Lolos
U00725,11.897,2.042,33.5,19.1,L3,Lolos
U00726,11.846,2.214,52.9,15.3,L2,Lolos
U00727,11.815,2.111,58.1,17.8,L3,Lolos
U00728,11.609,1.807,46.0,25.4,L3,Lolos
U00729,10.615,2.607,51.9,17.4,L1,Gagal
U00730,11.616,2.236,52.0,18.9,L3,Lolos
U00731,12.289,1.752,46.7,17.5,L3,Lolos
U00732,,2.202,41.8,16.8,L3,Lolos
U00733,12.108,1.963,39.2,19.4,L1,Lolos
U00734,11.326,1.935,42.6,14.2,L2,Lolos
U00735,12.682,2.098,46.2,17.5,L1,Lolos
U00736,11.857,,50.4,13.9,L1,Lolos
U00737,11.848,2.504,49.2,22.6,L2,Gagal
U00738,12.262,1.788,47.7,21.0,L3,Lolos
U00739,11.919,2.141,43.0,15.7,L1,Lolos
U00740,12.715,1.71,50.1,12.4,L3,Lolos
U00741,12.199,1.955,43.8,19.5,L1,Lolos
U00742,11.92,1.972,56.0,17.9,L1,Lolos
U00743,11.863,2.243,41.1,24.7,L2,Lolos
U00744,12.361,2.002,47.4,22.2,L1,Lolos
U00745,11.812,1.935,58.1,19.9,L1,Lolos
U00746,11.868,2.356,51.3,16.4,L3,Lolos
U00747,11.791,1.893,49.5,17.2,L3,Lolos
U00748,11.736,1.882,46.8,18.9,L1,Lolos
U00749,11.757,1.531,45.3,19.1,L3,Lolos
U00750,12.62,1.946,44.0,15.9,L1,Lolos
U00751,12.353,1.765,41.6,13.9,L3,Lolos
U00752,12.082,1.937,35.8,23.8,L3,Lolos
U00753,10.758,2.289,54.0,18.1,L1,Gagal
U00754,11.807,1.729,35.8,19.3,L1,Lolos
U00755,11.872,1.794,48.9,15.4,L2,Lolos
U00756,12.626,1.6,43.1,22.1,L3,Lolos
U00757,12.102,1.873,39.3,21.1,L1,Lolos
U00758,12.262,,53.4,18.2,L3,Lolos
U00759,,2.536,36.3,18.6,L2,Lolos
U00760,11.69,2.376,41.0,18.9,L3,Lolos
U00761,12.036,2.335,41.6,18.3,L1,Lolos
U00762,11.623,1.676,45.9,19.7,L2,Lolos
U00763,11.967,2.354,49.0,19.1,L2,Gagal
U00764,,1.699,53.8,17.5,L2,Lolos
U00765,11.8,2.461,36.8,14.5,L1,Lolos
U00766,12.285,2.208,69.5,17.9,L2,Lolos
U00767,,1.737,38.6,20.3,L3,Lolos
U00768,11.923,2.092,62.7,20.0,L3,Lolos
U00769,11.077,1.629,51.6,21.9,L1,Lolos
U00770,11.887,1.966,44.3,22.3,L1,Lolos
U00771,12.208,1.956,46.4,20.1,L2,Lolos
U00772,11.781,2.185,42.7,18.6,L1,Lolos
U00773,12.196,2.247,47.1,19.0,L1,Lolos
U00774,11.994,2.005,40.6,16.3,L1,Lolos
U00775,12.381,1.944,49.3,20.4,L2,Lolos
U00776,11.743,1.191,46.1,22.0,L1,Lolos
U00777,11.915,2.391,39.1,21.1,L3,Lolos
U00778,11.486,1.836,47.6,19.7,L1,Lolos
U00779,10.506,2.298,56.0,17.3,L1,Gagal
U00780,11.852,2.565,40.7,16.9,L2,Lolos
U00781,12.336,1.701,42.4,17.5,L1,Lolos
U00782,11.781,2.005,48.1,15.8,L2,Lolos
U00783,11.852,2.124,51.5,18.8,L1,Lolos
U00784,11.764,2.273,44.1,9.6,L3,Lolos
U00785,12.01,,50.6,16.4,L2,Lolos
U00786,12.696,2.294,52.0,18.2,L1,Lolos
U00787,10.776,1.896,52.8,25.5,L2,Lolos
U00788,11.983,2.136,47.5,18.0,L2,Lolos
U00789,12.411,2.103,39.6,18.1,L3,Lolos
U00790,11.265,2.416,59.8,15.5,L3,Gagal
U00791,12.184,2.081,43.9,23.2,L3,Lolos
U00792,12.412,1.781,48.0,15.6,L3,Lolos
U00793,11.487,2.657,54.0,24.1,L1,Gagal
U00794,11.772,1.678,41.4,15.8,L3,Lolos
U00795,12.327,1.89,40.8,20.8,L3,Lolos
U00796,,2.285,37.1,17.8,L1,Lolos
U00797,11.978,2.105,41.5,16.3,L3,Lolos
U00798,12.214,2.077,38.8,21.0,L2,Lolos
U00799,12.336,1.6,48.4,22.0,L2,Lolos
U00800,11.981,2.08,38.6,17.4,L3,Lolos
U00801,11.353,2.412,48.0,17.9,L2,Gagal
U00802,12.183,2.134,45.0,16.8,L3,Lolos
U00803,11.838,,55.9,18.7,L3,Lolos
U00804,12.416,1.898,40.8,14.7,L2,Lolos
U00805,11.639,1.921,36.7,9.9,L2,Lolos
U00806,11.419,2.85,42.3,12.4,L3,Gagal
U00807,12.269,1.849,39.8,17.3,L2,Lolos
U00808,11.63,2.022,41.1,14.8,L3,Lolos
U00809,12.305,1.501,58.8,17.6,L1,Lolos
U00810,12.067,1.923,50.8,16.5,L3,Lolos
U00811,12.464,2.326,43.1,15.9,L2,Lolos
U00812,12.214,2.084,56.1,16.1,L3,Lolos
U00813,11.943,2.225,41.3,20.9,L2,Lolos
U00814,12.081,2.239,42.5,18.7,L2,Lolos
U00815,12.094,2.337,42.2,22.7,L1,Lolos
U00816,12.708,1.913,51.2,18.3,L1,Lolos
U00817,12.03,2.236,44.6,12.3,L3,Lolos
U00818,11.952,2.562,54.0,14.9,L2,Lolos
U00819,11.932,1.993,47.6,18.3,L1,Lolos
U00820,10.906,1.913,58.3,18.7,L1,Gagal
U00821,11.603,1.851,34.1,16.2,L1,Lolos
U00822,10.633,2.57,42.0,15.6,L3,Gagal
U00823,11.646,,35.0,16.2,L2,Lolos
U00824,,1.809,42.4,17.6,L2,Lolos
U00825,12.281,1.918,35.8,17.9,L3,Lolos
U00826,,2.027,52.4,14.7,L2,Lolos
U00827,11.74,,43.8,18.7,L1,Lolos
U00828,11.947,2.172,48.7,18.7,L2,Lolos
U00829,11.914,,42.0,17.7,L3,Lolos
U00830,12.018,2.967,49.9,15.9,L3,Lolos
U00831,11.473,1.996,33.2,20.0,L2,Lolos
U00832,10.859,2.118,55.4,22.0,L1,Gagal
U00833,11.495,1.74,48.0,16.7,L1,Lolos
U00834,11.685,1.742,48.5,16.1,L1,Lolos
U00835,11.747,1.663,43.1,19.4,L1,Lolos
U00836,,2.128,34.7,14.5,L3,Lolos
U00837,12.268,1.333,51.1,14.2,L2,Lolos
U00838,12.644,2.246,42.6,16.1,L1,Lolos
U00839,12.289,2.204,43.2,18.9,L2,Lolos
U00840,10.613,2.443,71.9,15.4,L2,Gagal
U00841,12.074,2.229,45.6,17.9,L1,Lolos
U00842,11.977,1.727,41.9,12.0,L3,Lolos
U00843,11.787,1.789,41.5,19.9,L2,Lolos
U00844,12.464,2.137,48.9,22.3,L2,Lolos
U00845,,1.948,40.1,15.3,L2,Lolos
U00846,11.485,1.844,48.1,19.3,L3,Lolos
U00847,12.504,1.972,51.6,17.4,L3,Lolos
U00848,11.793,2.33,44.5,18.3,L1,Lolos
U00849,11.908,2.32,50.9,17.3,L3,Lolos
U00850,12.099,2.107,44.6,17.1,L1,Lolos
U00851,12.542,,40.9,15.5,L1,Lolos
U00852,12.098,2.13,35.0,14.7,L2,Lolos
U00853,11.365,2.326,60.0,21.3,L2,Gagal
U00854,12.299,,46.8,13.0,L2,Lolos
U00855,12.354,2.238,50.9,17.9,L1,Lolos
U00856,11.4,2.835,62.6,17.8,L2,Gagal
U00857,12.356,1.799,57.4,17.9,L2,Lolos
U00858,11.791,1.768,41.5,20.0,L1,Lolos
U00859,11.393,2.138,47.1,16.9,L2,Lolos
U00860,,1.932,40.9,20.0,L1,Lolos
U00861,10.71,2.733,57.9,24.0,L3,Gagal
U00862,11.026,2.527,48.0,17.5,L3,Gagal
U00863,11.238,3.017,60.8,11.9,L2,Gagal
U00864,11.824,2.015,40.6,17.6,L1,Lolos
U00865,11.746,2.22,49.6,17.3,L3,Lolos
U00866,12.162,1.871,52.2,19.2,L2,Lolos
U00867,12.166,,35.7,12.0,L2,Lolos
U00868,12.217,1.987,36.9,19.0,L3,Lolos
U00869,12.195,1.973,46.4,16.7,L2,Lolos
U00870,11.854,2.456,45.8,20.4,L3,Lolos
U00871,11.854,1.664,43.2,16.4,L1,Lolos
U00872,12.392,1.999,42.1,20.6,L2,Lolos
U00873,11.818,2.013,39.9,13.5,L1,Lolos
U00874,10.871,2.368,53.7,18.1,L2,Gagal
U00875,12.325,1.726,39.2,15.1,L3,Lolos
U00876,11.993,1.925,47.2,16.5,L2,Lolos
U00877,10.732,,48.5,26.2,L3,Gagal
U00878,11.827,1.437,42.5,15.2,L3,Lolos
U00879,12.393,2.291,52.3,16.9,L1,Lolos
U00880,11.634,2.139,60.9,14.6,L3,Gagal
U00881,12.083,1.599,39.0,17.1,L2,Lolos
U00882,11.592,2.237,39.8,17.6,L2,Lolos
U00883,12.084,1.916,49.7,15.8,L1,Lolos
U00884,11.926,1.925,36.4,22.7,L1,Lolos
U00885,11.681,1.93,53.7,21.5,L2,Lolos
U00886,11.789,2.269,45.8,15.2,L3,Lolos
U00887,,1.862,41.5,20.5,L3,Lolos
U00888,12.435,2.149,45.1,16.6,L2,Lolos
U00889,10.839,2.22,58.1,14.3,L1,Gagal
U00890,11.674,2.083,32.2,15.8,L2,Lolos
U00891,12.243,2.226,51.2,14.2,L1,Lolos
U00892,11.857,2.351,52.2,20.8,L3,Lolos
U00893,12.193,1.613,43.1,15.4,L3,Lolos
U00894,11.852,1.926,44.6,21.9,L3,Lolos
U00895,12.202,,45.8,18.4,L1,Lolos
U00896,,2.23,49.4,16.8,L2,Lolos
U00897,12.192,1.95,40.6,16.5,L1,Lolos
U00898,11.265,2.001,44.9,23.3,L1,Lolos
U00899,12.324,2.074,44.4,18.0,L2,Lolos
U00900,11.988,1.907,49.1,16.5,L2,Lolos
U00901,12.154,2.137,61.1,20.6,L3,Lolos
U00902,,,40.6,19.8,L1,Lolos
U00903,11.403,1.721,45.5,15.0,L3,Lolos
U00904,,1.878,40.4,18.0,L3,Lolos
U00905,12.117,1.886,42.1,12.6,L3,Lolos
U00906,12.265,1.936,38.5,17.9,L1,Lolos
U00907,11.72,2.067,35.8,18.9,L2,Lolos
U00908,11.365,2.705,64.4,19.3,L2,Gagal
U00909,11.542,1.82,47.1,15.0,L3,Lolos
U00910,12.052,2.335,45.6,15.8,L3,Lolos
U00911,11.671,2.001,39.8,18.7,L2,Lolos
U00912,13.753,2.366,44.6,21.8,L3,Lolos
U00913,12.212,2.36,38.1,18.3,L2,Lolos
U00914,,,44.8,16.3,L1,Lolos
U00915,11.913,1.877,47.0,20.9,L1,Lolos
U00916,12.14,1.896,41.7,18.4,L2,Lolos
U00917,,2.078,40.5,18.5,L1,Lolos
U00918,11.625,2.182,42.0,20.4,L1,Lolos
U00919,11.765,2.037,49.9,17.7,L2,Lolos
U00920,12.34,1.862,46.2,15.2,L1,Lolos
U00921,11.924,2.413,35.4,17.5,L3,Lolos
U00922,11.738,1.89,49.3,21.3,L1,Lolos
U00923,11.779,2.185,48.3,23.7,L2,Lolos
U00924,11.572,1.991,46.1,14.3,L3,Lolos
U00925,11.314,1.984,54.9,22.9,L3,Lolos
U00926,11.406,2.168,45.1,16.9,L3,Lolos
U00927,12.016,2.386,47.6,18.1,L1,Lolos
U00928,12.235,2.076,47.8,23.1,L2,Lolos
U00929,12.882,1.878,50.3,16.8,L1,Lolos
U00930,11.986,2.37,43.7,17.2,L1,Lolos
U00931,,2.123,41.1,16.1,L3,Lolos
U00932,11.99,2.043,50.8,18.1,L1,Lolos
U00933,12.246,2.257,50.5,18.9,L1,Lolos
U00934,12.361,2.081,52.6,15.9,L1,Lolos
U00935,,2.614,47.5,22.4,L2,Lolos
U00936,11.534,2.508,42.9,15.8,L3,Gagal
U00937,12.033,2.287,46.0,19.5,L1,Lolos
U00938,12.258,2.11,45.2,18.1,L1,Lolos
U00939,11.585,2.11,52.4,21.7,L3,Lolos
U00940,11.297,1.909,51.4,15.6,L1,Lolos
U00941,12.733,,48.7,19.7,L1,Lolos
U00942,11.984,2.124,32.6,25.3,L1,Lolos
U00943,12.187,1.783,40.1,13.7,L3,Lolos
U00944,10.179,2.007,53.4,15.3,L3,Gagal
U00945,12.541,2.004,43.0,24.3,L1,Lolos
U00946,12.405,2.31,46.0,17.6,L1,Lolos
U00947,11.452,2.02,53.9,18.3,L1,Lolos
U00948,,2.455,59.3,17.0,L2,Gagal
U00949,12.093,1.735,39.5,23.0,L3,Lolos
U00950,11.558,2.424,40.0,13.2,L3,Lolos
U00951,12.171,2.277,39.5,21.7,L2,Lolos
U00952,,2.305,44.3,13.6,L3,Lolos
U00953,12.113,1.637,49.8,13.3,L1,Lolos
U00954,10.305,2.154,63.5,14.7,L3,Gagal
U00955,11.637,1.765,42.7,17.6,L2,Lolos
U00956,11.957,2.193,44.8,15.9,L3,Lolos
U00957,11.913,2.08,55.0,15.7,L1,Lolos
U00958,11.92,2.13,36.1,15.2,L3,Lolos
U00959,11.907,1.821,48.8,15.3,L1,Lolos
U00960,11.369,1.74,48.2,15.2,L3,Lolos
U00961,12.282,1.84,43.2,18.7,L1,Lolos
U00962,12.22,2.077,44.9,16.1,L1,Lolos
U00963,12.183,1.939,47.5,10.0,L2,Lolos
U00964,12.15,2.063,43.2,17.9,L2,Lolos
U00965,10.965,2.08,43.8,20.2,L1,Gagal
U00966,11.788,1.998,40.7,17.2,L1,Lolos
U00967,11.644,2.349,56.2,14.2,L3,Lolos
U00968,12.54,2.083,42.4,20.2,L1,Lolos
U00969,11.993,2.099,46.2,13.9,L3,Lolos
U00970,10.711,2.387,62.5,17.0,L1,Gagal
U00971,11.99,1.872,43.7,17.9,L1,Lolos
U00972,11.271,2.408,45.2,21.2,L1,Lolos
U00973,12.087,2.089,48.0,19.7,L2,Lolos
U00974,12.05,2.044,39.9,18.7,L2,Lolos
U00975,11.81,2.172,35.8,20.8,L2,Lolos
U00976,11.671,2.235,40.6,14.5,L3,Lolos
U00977,12.197,1.689,55.4,22.7,L2,Lolos
U00978,11.282,2.46,54.3,8.8,L1,Gagal
U00979,11.32,2.559,45.8,22.3,L2,Lolos
U00980,12.421,2.414,37.0,15.5,L1,Lolos
U00981,11.671,1.973,53.1,19.1,L2,Lolos
U00982,11.539,2.182,43.2,22.3,L2,Lolos
U00983,12.476,,42.3,19.7,L1,Lolos
U00984,12.371,2.088,44.2,19.1,L3,Lolos
U00985,11.853,1.885,60.1,20.6,L2,Lolos
U00986,11.562,1.881,47.6,13.6,L1,Lolos
U00987,11.682,1.852,44.1,14.0,L1,Lolos
U00988,11.847,2.421,27.7,18.8,L1,Lolos
U00989,12.426,1.88,53.1,17.4,L3,Lolos
U00990,12.453,,40.8,17.1,L1,Lolos
U00991,12.058,,39.9,21.7,L2,Lolos
U00992,,1.863,40.4,21.5,L2,Lolos
U00993,11.927,2.097,53.8,15.2,L2,Lolos
U00994,11.695,,44.7,19.3,L2,Lolos
U00995,11.475,2.166,35.9,13.3,L2,Lolos
U00996,12.113,1.966,43.8,13.2,L3,Lolos
U00997,12.315,1.862,40.0,15.3,L1,Lolos
U00998,11.821,1.809,47.2,17.8,L2,Lolos
U00999,12.416,2.493,42.7,16.0,L1,Lolos
U01000,,1.991,35.6,19.4,L1,Lolos
U01001,12.029,1.981,44.5,18.0,L1,Lolos
U01002,11.923,,44.7,21.3,L3,Lolos
U01003,12.433,1.79,37.5,19.6,L3,Lolos
U01004,12.172,2.284,33.2,14.9,L1,Lolos
U01005,11.137,2.218,56.5,20.7,L2,Gagal
U01006,12.027,1.654,43.3,15.4,L3,Lolos
U01007,11.584,1.867,43.7,19.2,L1,Lolos
U01008,11.218,1.726,49.5,16.5,L2,Lolos
U01009,11.814,2.02,33.4,22.0,L2,Lolos
U01010,11.173,2.033,55.9,20.2,L3,Gagal
U01011,12.186,1.774,49.0,15.9,L2,Lolos
U01012,11.943,,43.9,16.8,L3,Lolos
U01013,11.836,2.011,36.5,27.8,L2,Lolos
U01014,10.968,2.302,41.0,14.2,L1,Lolos
U01015,12.185,2.291,42.3,15.8,L2,Lolos
U01016,12.074,2.015,35.5,16.0,L3,Lolos
U01017,12.285,2.125,47.2,14.5,L3,Lolos
U01018,12.01,1.648,45.0,14.8,L1,Lolos
U01019,12.401,2.174,41.1,17.7,L2,Lolos
U01020,10.465,2.528,61.7,19.4,L1,Gagal
U01021,11.986,2.239,41.9,13.2,L2,Lolos
U01022,12.084,1.923,53.9,16.5,L3,Lolos
U01023,12.231,1.926,43.4,15.6,L3,Lolos
U01024,12.146,,39.3,14.5,L2,Lolos
U01025,11.081,2.885,45.8,21.0,L3,Gagal
U01026,,2.071,45.5,15.7,L2,Lolos
U01027,11.301,1.976,47.7,13.9,L2,Gagal
U01028,12.315,2.161,45.9,20.6,L1,Lolos
U01029,11.414,1.884,42.6,21.8,L1,Lolos
U01030,11.78,2.271,42.5,18.7,L2,Lolos
U01031,11.324,2.833,56.4,15.2,L1,Gagal
U01032,11.765,,51.0,17.2,L1,Lolos
U01033,,2.26,41.7,16.0,L1,Lolos
U01034,12.486,2.234,46.1,17.9,L2,Lolos
U01035,11.956,2.284,47.7,20.1,L3,Lolos
U01036,11.708,2.204,37.7,17.9,L3,Lolos
U01037,12.419,1.827,48.1,18.0,L2,Lolos
U01038,11.055,,53.5,16.5,L3,Gagal
U01039,11.923,1.792,50.8,20.0,L1,Lolos
U01040,11.307,2.183,38.3,19.1,L2,Lolos
U01041,11.955,1.444,38.8,12.5,L1,Lolos
U01042,12.239,1.996,44.7,12.7,L1,Lolos
U01043,10.97,2.385,54.7,17.0,L2,Gagal
U01044,11.552,2.306,45.1,20.9,L1,Lolos
U01045,11.832,1.971,42.9,21.5,L2,Lolos
U01046,11.785,1.908,46.1,20.3,L3,Lolos
U01047,11.911,2.329,29.7,17.5,L3,Lolos
U01048,11.819,1.977,48.9,22.4,L2,Lolos
U01049,12.583,1.937,53.8,15.8,L3,Lolos
U01050,12.106,1.878,41.7,17.0,L3,Lolos
U01051,11.391,2.071,46.2,13.7,L1,Lolos
U01052,12.025,1.917,55.1,17.0,L2,Lolos
U01053,11.986,1.918,45.2,15.4,L3,Lolos
U01054,12.418,2.363,46.8,22.6,L2,Lolos
U01055,11.945,2.012,56.1,22.0,L2,Lolos
U01056,11.935,1.888,57.2,18.2,L2,Lolos
U01057,12.652,1.751,38.6,19.4,L2,Lolos
U01058,11.626,2.05,42.5,16.2,L2,Lolos
U01059,12.279,1.86,50.4,10.4,L2,Lolos
U01060,12.022,1.908,48.0,15.7,L3,Lolos
U01061,11.825,1.787,49.2,20.2,L3,Lolos
U01062,11.773,,29.3,19.3,L2,Lolos
U01063,11.53,2.075,42.5,16.8,L1,Gagal
U01064,,2.103,55.7,20.2,L2,Lolos
U01065,11.582,2.162,60.5,16.6,L1,Gagal
U01066,12.311,2.179,47.1,14.6,L1,Lolos
U01067,12.12,2.121,37.5,20.2,L1,Lolos
U01068,11.629,2.026,42.5,16.2,L1,Lolos
U01069,11.45,2.212,48.4,21.1,L3,Lolos
U01070,12.539,2.389,36.7,12.0,L2,Lolos
U01071,12.073,2.317,40.8,16.3,L3,Lolos
U01072,12.028,1.672,47.3,19.8,L3,Lolos
U01073,12.632,,48.5,19.5,L1,Lolos
U01074,11.627,1.879,41.9,17.3,L1,Lolos
U01075,10.308,2.706,56.1,18.9,L1,Gagal
U01076,9.987,2.086,57.5,18.4,L1,Gagal
U01077,11.814,1.86,34.2,13.5,L1,Lolos
U01078,12.041,1.816,54.8,16.9,L2,Lolos
U01079,12.487,,52.0,18.7,L3,Lolos
U01080,,2.197,51.1,19.5,L1,Gagal
U01081,11.103,1.697,44.2,17.8,L2,Lolos
U01082,12.98,1.871,49.7,16.3,L1,Lolos
U01083,10.753,1.857,53.0,14.0,L3,Gagal
U01084,12.43,1.402,43.4,20.3,L3,Lolos
U01085,12.191,2.121,54.6,19.9,L3,Lolos
U01086,12.002,2.079,32.4,21.0,L2,Lolos
U01087,11.917,2.043,41.0,14.8,L3,Lolos
U01088,11.611,2.397,47.7,18.4,L1,Lolos
U01089,11.549,1.581,44.7,15.9,L2,Lolos
U01090,11.942,1.48,49.2,18.1,L1,Lolos
U01091,10.069,2.031,48.1,26.7,L3,Gagal
U01092,12.577,1.47,43.5,20.7,L1,Lolos
U01093,11.431,2.356,59.1,15.7,L2,Gagal
U01094,12.732,2.146,36.0,17.2,L1,Lolos
U01095,11.848,,43.6,16.9,L3,Lolos
U01096,10.419,2.419,48.8,18.4,L2,Gagal
U01097,12.207,2.093,47.2,13.4,L2,Lolos
U01098,11.909,,47.4,19.0,L3,Lolos
U01099,12.341,1.869,45.6,11.6,L3,Lolos
U01100,12.503,2.109,43.3,13.0,L2,Lolos
U01101,,,45.4,24.0,L2,Lolos
U01102,11.436,1.634,56.3,16.9,L1,Gagal
U01103,12.286,2.098,44.8,22.3,L3,Lolos
U01104,11.808,2.059,53.7,15.6,L3,Lolos
U01105,12.399,2.392,37.8,11.7,L2,Lolos
U01106,11.462,2.585,55.0,14.8,L2,Gagal
U01107,11.784,2.077,39.3,26.1,L3,Lolos
U01108,,1.922,56.7,13.8,L1,Lolos
U01109,11.968,1.797,45.5,23.3,L1,Lolos
U01110,,1.93,37.4,19.0,L1,Lolos
U01111,12.041,2.239,43.6,18.4,L2,Lolos
U01112,11.998,2.116,36.2,15.8,L3,Lolos
U01113,11.944,2.234,41.2,15.3,L1,Lolos
U01114,11.876,2.027,48.7,19.7,L3,Lolos
U01115,11.593,1.775,53.2,22.0,L3,Lolos
U01116,12.278,2.29,51.5,18.6,L3,Lolos
U01117,11.644,2.268,44.4,20.2,L3,Lolos
U01118,12.024,2.046,48.4,16.7,L2,Lolos
U01119,11.857,2.139,49.9,24.5,L2,Lolos
U01120,12.268,2.125,58.5,18.7,L2,Lolos
U01121,11.88,1.883,41.4,24.1,L2,Lolos
U01122,11.648,1.935,54.1,15.1,L3,Lolos
U01123,12.346,1.773,38.4,17.9,L3,Lolos
U01124,11.711,1.934,52.1,21.2,L3,Lolos
U01125,12.054,2.258,41.3,18.4,L2,Lolos
U01126,12.446,2.21,40.9,19.6,L2,Lolos
U01127,11.744,2.14,43.3,15.1,L1,Lolos
U01128,11.964,2.24,40.3,16.8,L2,Lolos
U01129,11.849,1.909,47.6,15.4,L3,Lolos
U01130,12.046,1.707,52.4,17.7,L3,Lolos
U01131,11.047,2.359,44.2,17.4,L2,Gagal
U01132,,,49.8,16.4,L2,Gagal
U01133,11.783,2.169,38.5,19.9,L1,Lolos
U01134,12.446,2.128,50.4,14.8,L2,Lolos
U01135,12.562,2.253,53.5,11.6,L2,Lolos
U01136,10.792,1.843,51.9,16.3,L1,Gagal
U01137,11.723,1.8,40.8,24.5,L1,Lolos
U01138,11.986,,35.3,19.5,L2,Lolos
U01139,10.752,2.478,63.0,15.5,L3,Gagal
U01140,,2.524,52.9,19.3,L3,Lolos
U01141,11.964,1.756,33.1,17.6,L2,Lolos
U01142,12.484,,48.9,19.2,L1,Lolos
U01143,12.039,1.894,38.3,20.6,L2,Lolos
U01144,12.016,1.814,41.9,18.6,L1,Lolos
U01145,10.545,2.195,48.2,18.4,L1,Gagal
U01146,11.909,2.011,33.0,22.5,L2,Lolos
U01147,12.311,,44.7,19.6,L3,Lolos
U01148,11.744,2.03,56.4,18.6,L1,Lolos
U01149,12.336,1.785,39.4,18.1,L3,Lolos
U01150,12.504,1.951,50.3,16.3,L2,Lolos
U01151,11.793,1.74,51.3,14.3,L3,Lolos
U01152,12.423,,49.3,20.0,L2,Lolos
U01153,12.367,2.368,57.0,21.8,L2,Lolos
U01154,12.304,1.601,50.7,19.3,L2,Lolos
U01155,11.777,2.057,55.8,19.7,L2,Lolos
U01156,11.958,1.805,38.1,15.3,L1,Lolos
U01157,11.958,2.016,49.5,16.2,L2,Lolos
U01158,12.732,1.979,54.1,14.2,L3,Lolos
U01159,11.996,1.665,40.4,17.3,L1,Lolos
U01160,11.936,2.302,24.1,20.9,L1,Lolos
U01161,10.648,,45.8,15.9,L1,Gagal
U01162,11.66,1.882,40.7,17.8,L2,Lolos
U01163,11.761,2.029,48.4,20.1,L2,Lolos
U01164,12.126,1.782,41.6,21.6,L2,Lolos
U01165,11.502,1.954,45.0,13.1,L3,Lolos
U01166,11.767,,41.4,16.6,L3,Lolos
U01167,11.349,1.411,44.2,15.8,L1,Lolos
U01168,12.491,1.757,44.6,15.4,L1,Lolos
U01169,12.037,1.867,41.2,16.9,L3,Lolos
U01170,12.109,1.561,49.9,12.2,L1,Lolos
U01171,11.619,1.876,53.3,16.9,L2,Lolos
U01172,12.406,,38.1,18.1,L1,Lolos
U01173,12.526,1.985,46.3,14.9,L2,Lolos
U01174,12.023,2.154,36.4,16.6,L1,Lolos
U01175,10.714,2.575,45.7,18.1,L1,Gagal
U01176,10.742,2.395,60.7,18.4,L1,Gagal
U01177,11.241,2.065,60.2,13.1,L2,Gagal
U01178,12.305,2.167,43.0,20.1,L1,Lolos
U01179,12.232,2.35,56.0,20.2,L2,Lolos
U01180,12.337,1.72,41.1,15.8,L1,Lolos
U01181,10.6,1.999,51.8,23.0,L1,Gagal
U01182,12.319,1.645,55.0,19.4,L3,Lolos
U01183,,1.859,39.5,18.9,L3,Lolos
U01184,11.122,2.093,50.5,20.0,L3,Lolos
U01185,11.838,2.371,42.9,14.9,L3,Lolos
U01186,,2.223,40.7,16.9,L3,Lolos
U01187,12.084,2.096,41.9,19.9,L1,Lolos
U01188,12.293,2.011,32.0,15.6,L3,Lolos
U01189,12.067,2.098,52.6,16.9,L1,Lolos
U01190,12.703,2.113,46.4,19.8,L3,Lolos
U01191,11.816,2.326,44.1,18.9,L2,Lolos
U01192,11.304,1.995,40.8,18.1,L3,Lolos
U01193,12.097,2.065,46.9,18.2,L3,Lolos
U01194,11.809,1.898,50.3,17.5,L3,Lolos
U01195,11.62,2.028,43.4,20.6,L3,Lolos
U01196,11.896,1.936,50.8,24.3,L2,Lolos
U01197,10.933,2.005,51.0,18.9,L3,Gagal
U01198,11.76,2.218,44.4,21.8,L1,Lolos
U01199,12.533,2.372,50.5,16.7,L2,Lolos
U01200,12.044,1.991,42.0,16.0,L3,Lolos
U01201,11.907,2.083,37.5,15.6,L3,Lolos
U01202,12.559,2.215,44.7,15.2,L3,Lolos
U01203,11.897,1.964,45.2,17.1,L2,Lolos
U01204,11.569,2.047,43.7,20.7,L2,Lolos
U01205,11.536,1.946,52.1,21.0,L1,Lolos
U01206,11.972,1.863,48.0,16.5,L1,Lolos
U01207,10.67,2.507,54.3,17.0,L3,Gagal
U01208,11.59,2.128,45.0,18.0,L1,Lolos
U01209,11.867,,45.5,18.7,L2,Lolos
U01210,12.396,1.999,48.2,19.8,L1,Lolos
U01211,12.452,1.7,45.3,16.8,L3,Lolos
U01212,11.868,2.586,54.7,17.4,L1,Gagal
U01213,11.999,1.816,37.0,22.1,L2,Lolos
U01214,11.159,2.29,51.7,17.2,L3,Gagal
U01215,12.136,1.867,46.7,16.3,L3,Lolos
U01216,12.624,1.564,46.1,17.7,L1,Lolos
U01217,,1.946,36.1,18.2,L2,Lolos
U01218,11.838,2.155,41.6,13.4,L2,Lolos
U01219,11.945,1.892,39.4,16.7,L1,Lolos
U01220,11.907,2.335,53.2,19.3,L3,Lolos
U01221,10.857,2.799,55.1,24.0,L3,Gagal
U01222,11.733,2.222,47.6,16.4,L3,Lolos
U01223,12.142,1.516,44.6,20.3,L2,Lolos
U01224,12.199,2.358,41.2,18.5,L2,Lolos
U01225,12.12,1.941,42.3,21.5,L1,Lolos
U01226,9.851,2.413,52.1,16.1,L1,Gagal
U01227,11.948,1.849,43.4,21.3,L2,Lolos
U01228,11.816,1.965,48.0,22.2,L1,Lolos
U01229,11.974,2.022,45.9,22.3,L3,Lolos
U01230,11.767,,46.8,22.3,L1,Lolos
U01231,10.928,1.73,56.7,18.6,L3,Gagal
U01232,,1.401,41.8,19.8,L2,Lolos
U01233,,2.738,43.1,16.7,L3,Lolos
U01234,11.535,1.583,50.5,11.3,L1,Lolos
U01235,12.422,1.586,56.0,18.8,L3,Lolos
U01236,11.937,2.143,50.5,17.5,L2,Lolos
U01237,11.864,1.644,28.3,20.9,L3,Lolos
U01238,12.395,1.598,40.5,20.6,L1,Lolos
U01239,11.947,1.281,45.7,14.8,L1,Lolos
U01240,11.582,2.073,38.4,25.0,L3,Lolos
U01241,11.605,1.732,38.1,19.2,L2,Lolos
U01242,12.22,2.161,42.5,14.1,L2,Lolos
U01243,12.71,1.981,47.1,14.6,L2,Lolos
U01244,12.294,2.021,48.7,11.5,L2,Lolos
U01245,11.866,1.887,42.8,20.3,L3,Lolos
U01246,11.921,1.931,42.3,16.4,L2,Lolos
U01247,10.916,1.766,50.2,15.5,L1,Gagal
U01248,9.75,2.109,56.5,16.1,L1,Gagal
U01249,12.008,1.726,47.6,17.1,L3,Lolos
U01250,12.204,2.378,50.4,19.7,L2,Lolos
U01251,12.621,,45.8,13.1,L3,Lolos
U01252,12.382,1.434,37.1,14.8,L1,Lolos
U01253,12.675,2.065,42.9,19.4,L1,Lolos
U01254,12.588,1.799,50.1,16.2,L1,Lolos
U01255,12.488,1.989,34.6,19.7,L2,Lolos
U01256,10.863,2.232,53.7,16.5,L2,Gagal
U01257,11.234,2.745,50.0,22.7,L1,Gagal
U01258,11.415,1.904,57.0,18.6,L3,Lolos
U01259,12.046,2.204,41.4,21.7,L2,Lolos
U01260,12.198,2.178,44.3,19.6,L2,Lolos
U01261,11.901,1.658,55.1,19.7,L2,Lolos
U01262,11.46,2.047,41.5,15.7,L2,Lolos
U01263,12.554,1.81,51.4,21.5,L3,Lolos
U01264,12.142,1.698,47.4,18.6,L1,Lolos
U01265,12.602,1.699,43.7,15.1,L2,Lolos
U01266,11.134,2.682,56.9,11.7,L2,Gagal
U01267,,2.661,44.1,18.4,L3,Lolos
U01268,12.407,,58.5,22.5,L2,Lolos
U01269,10.974,2.398,41.3,15.3,L2,Gagal
U01270,11.822,2.078,43.3,15.2,L3,Lolos
U01271,11.85,1.868,43.5,17.1,L3,Lolos
U01272,11.662,2.352,44.2,21.3,L3,Lolos
U01273,12.618,2.549,51.5,12.5,L3,Lolos
U01274,12.015,1.851,42.3,16.0,L1,Lolos
U01275,12.161,2.434,48.0,15.0,L2,Lolos
U01276,11.534,1.863,46.4,19.7,L3,Lolos
U01277,12.287,1.757,50.0,17.6,L1,Lolos
U01278,11.857,1.965,44.2,17.0,L2,Lolos
U01279,12.441,2.217,46.9,17.5,L3,Lolos
U01280,11.76,1.974,44.3,20.4,L1,Lolos
U01281,12.466,2.184,39.1,21.4,L3,Lolos
U01282,12.329,2.057,54.6,21.1,L1,Lolos
U01283,10.694,2.598,45.8,19.7,L3,Gagal
U01284,12.496,2.133,42.1,22.2,L2,Lolos
U01285,12.402,2.383,39.9,15.2,L1,Lolos
U01286,10.967,2.135,58.0,19.2,L1,Gagal
U01287,11.652,1.949,42.1,25.0,L3,Lolos
U01288,12.28,2.0,54.1,12.5,L3,Lolos
U01289,12.023,1.787,48.2,16.4,L1,Lolos
U01290,12.017,1.748,43.3,14.9,L2,Lolos
U01291,12.026,2.096,39.5,18.9,L2,Lolos
U01292,11.989,2.166,44.3,22.3,L1,Lolos
U01293,11.697,2.028,48.1,19.6,L3,Lolos
U01294,11.47,2.265,44.7,17.3,L1,Lolos
U01295,11.397,1.724,44.2,19.6,L2,Lolos
U01296,12.105,1.902,38.9,17.1,L1,Lolos
U01297,11.152,1.705,58.5,18.6,L1,Lolos
U01298,12.254,2.035,43.8,19.9,L3,Lolos
U01299,11.96,2.398,44.3,23.3,L2,Gagal
U01300,11.894,2.335,38.5,19.3,L3,Lolos
U01301,12.359,1.706,42.9,18.7,L1,Lolos
U01302,11.909,2.093,56.7,24.1,L1,Lolos
U01303,11.233,,53.7,12.1,L2,Gagal
U01304,11.315,1.75,42.8,17.7,L1,Lolos
U01305,11.215,1.691,50.1,15.8,L1,Lolos
U01306,11.918,1.631,50.5,17.3,L2,Lolos
U01307,12.148,2.156,49.0,19.8,L2,Lolos
U01308,12.333,1.819,46.2,20.9,L1,Lolos
U01309,11.938,2.12,38.4,16.4,L2,Lolos
U01310,12.086,1.946,40.5,20.0,L2,Lolos
U01311,12.275,2.45,35.5,15.3,L3,Lolos
U01312,11.955,2.197,43.7,14.2,L1,Lolos
U01313,12.206,1.799,42.5,18.2,L2,Lolos
U01314,11.605,1.924,41.8,17.3,L3,Lolos
U01315,,2.197,46.7,22.5,L2,Lolos
U01316,10.958,2.227,51.5,24.4,L1,Gagal
U01317,12.271,2.296,43.0,16.2,L3,Lolos
U01318,11.751,1.937,42.1,12.6,L1,Lolos
U01319,12.228,2.202,44.8,13.9,L3,Lolos
U01320,11.641,1.951,47.2,15.5,L3,Lolos
U01321,11.796,1.869,36.9,18.6,L3,Lolos
U01322,12.085,1.828,47.7,17.2,L3,Lolos
U01323,11.766,2.433,46.6,14.2,L2,Lolos
U01324,11.826,1.926,47.5,23.4,L3,Lolos
U01325,11.087,2.77,45.8,20.0,L1,Lolos
U01326,12.294,2.038,47.2,23.3,L1,Lolos
U01327,11.958,1.787,42.5,12.6,L2,Lolos
U01328,11.669,1.604,47.7,21.8,L3,Lolos
U01329,12.641,2.308,51.9,17.6,L3,Lolos
U01330,11.724,1.952,42.0,16.8,L3,Lolos
U01331,,2.206,42.2,18.1,L3,Lolos
U01332,11.101,2.994,58.8,15.9,L2,Gagal
U01333,11.837,2.735,46.7,17.6,L1,Gagal
U01334,12.502,2.084,40.7,20.8,L1,Lolos
U01335,12.467,2.307,47.5,12.1,L1,Lolos
U01336,12.464,2.201,42.4,22.5,L3,Lolos
U01337,11.791,1.684,52.3,19.2,L3,Lolos
U01338,11.539,2.498,50.1,17.7,L3,Gagal
U01339,11.932,1.989,40.1,20.8,L3,Lolos
U01340,11.46,2.385,45.0,19.1,L2,Lolos
U01341,11.851,2.127,47.6,16.6,L3,Lolos
U01342,11.632,2.406,62.3,15.7,L1,Gagal
U01343,11.774,1.944,48.2,22.5,L1,Lolos
U01344,10.972,1.83,54.9,13.6,L2,Gagal
U01345,12.188,2.141,51.8,17.4,L3,Lolos
U01346,12.144,2.244,35.1,13.8,L2,Lolos
U01347,12.229,,40.3,19.5,L2,Lolos
U01348,11.937,1.949,45.2,17.7,L2,Lolos
U01349,11.745,1.446,40.8,14.3,L2,Lolos
U01350,11.485,1.961,43.1,15.4,L1,Lolos
U01351,11.969,1.687,39.1,18.1,L1,Lolos
U01352,11.812,,43.8,18.9,L2,Lolos
U01353,11.959,2.084,47.8,12.2,L1,Lolos
U01354,,2.004,41.8,15.9,L1,Lolos
U01355,11.469,2.331,39.7,18.5,L2,Lolos
U01356,11.685,2.47,53.7,21.6,L2,Gagal
U01357,11.428,2.048,51.6,20.5,L1,Lolos
U01358,11.933,2.08,51.6,16.6,L3,Lolos
U01359,11.709,1.854,42.1,21.0,L2,Lolos
U01360,11.687,2.248,48.0,17.1,L1,Lolos
U01361,12.03,1.771,44.9,8.6,L1,Lolos
U01362,10.616,2.585,62.5,22.3,L1,Gagal
U01363,12.191,2.305,46.1,19.4,L2,Lolos
U01364,11.614,1.743,43.8,18.6,L1,Lolos
U01365,11.69,1.664,54.6,18.0,L3,Lolos
U01366,11.37,2.132,45.5,18.9,L2,Gagal
U01367,,2.454,46.9,18.0,L3,Lolos
U01368,12.128,1.848,53.2,17.1,L1,Lolos
U01369,11.826,1.7,49.0,16.0,L1,Lolos
U01370,11.348,2.463,48.9,18.2,L2,Gagal
U01371,11.129,1.319,40.1,15.4,L3,Lolos
U01372,12.403,1.761,36.5,14.6,L3,Lolos
U01373,11.841,2.354,53.9,18.8,L1,Lolos
U01374,11.563,1.761,38.2,20.9,L1,Lolos
U01375,11.628,1.935,49.3,15.6,L2,Lolos
U01376,11.908,2.074,36.4,16.1,L2,Lolos
U01377,11.206,2.552,68.1,12.9,L1,Gagal
U01378,12.049,1.867,36.9,14.1,L3,Lolos
U01379,11.583,2.137,45.3,14.2,L3,Lolos
U01380,12.305,2.362,52.3,20.9,L2,Lolos
U01381,,1.735,40.8,12.8,L1,Lolos
U01382,11.799,1.879,48.4,19.4,L2,Lolos
U01383,11.921,,43.3,17.2,L3,Lolos
U01384,10.995,2.456,56.1,19.8,L3,Gagal
U01385,11.988,2.008,51.5,21.5,L3,Lolos
U01386,11.81,,42.4,17.9,L3,Lolos
U01387,11.887,1.613,54.0,21.4,L2,Lolos
U01388,12.427,1.717,47.1,22.6,L2,Lolos
U01389,12.369,,56.7,22.0,L3,Lolos
U01390,12.128,1.872,40.0,16.0,L1,Lolos
U01391,12.052,1.914,41.1,12.1,L2,Lolos
U01392,12.81,1.985,43.6,17.6,L3,Lolos
U01393,12.162,2.585,37.7,18.5,L3,Lolos
U01394,12.063,1.876,50.6,12.1,L1,Lolos
U01395,,2.855,49.2,18.2,L3,Gagal
U01396,12.125,2.328,38.1,10.3,L1,Lolos
U01397,10.934,2.201,40.1,22.6,L1,Lolos
U01398,12.36,1.788,39.8,19.4,L3,Lolos
U01399,11.555,2.034,50.5,15.5,L1,Lolos
U01400,11.749,1.902,47.7,18.4,L1,Lolos
U01401,11.51,2.504,44.2,18.8,L3,Lolos
U01402,11.742,2.103,42.8,19.4,L3,Lolos
U01403,11.881,1.947,43.6,18.2,L1,Lolos
U01404,12.311,2.446,55.7,20.8,L2,Lolos
U01405,12.451,1.912,43.6,14.2,L3,Lolos
U01406,12.679,2.138,50.1,17.6,L2,Lolos
U01407,12.036,2.176,43.0,23.4,L1,Lolos
U01408,11.207,2.735,67.0,16.9,L1,Gagal
U01409,12.273,1.973,37.7,18.7,L2,Lolos
U01410,11.701,2.209,49.8,15.0,L1,Lolos
U01411,11.662,1.843,40.4,24.5,L2,Lolos
U01412,11.871,2.278,58.3,18.9,L1,Lolos
U01413,11.005,2.12,50.1,14.2,L2,Gagal
U01414,11.277,2.334,34.8,21.3,L1,Lolos
U01415,11.317,2.573,51.0,14.8,L3,Gagal
U01416,12.084,2.137,49.1,20.1,L1,Lolos
U01417,12.279,1.977,48.9,21.1,L1,Lolos
U01418,11.45,2.276,48.5,24.1,L1,Lolos
U01419,11.767,2.143,45.9,18.7,L2,Lolos
U01420,11.749,1.196,43.1,18.1,L3,Lolos
U01421,11.929,1.796,51.5,11.9,L1,Lolos
U01422,11.75,2.184,51.4,16.6,L3,Gagal
U01423,12.304,2.07,45.3,15.9,L1,Lolos
U01424,12.035,2.177,41.3,17.5,L1,Lolos
U01425,11.741,2.387,40.8,16.4,L1,Lolos
U01426,11.748,2.352,58.2,20.4,L3,Gagal
U01427,11.907,1.479,40.6,16.3,L2,Lolos
U01428,11.683,2.049,48.3,19.4,L2,Lolos
U01429,11.34,2.304,36.1,17.7,L2,Lolos
U01430,12.032,2.028,47.6,16.1,L1,Lolos
U01431,12.242,2.051,41.2,15.9,L1,Lolos
U01432,11.601,1.876,45.2,18.7,L3,Lolos
U01433,12.219,2.237,44.0,22.1,L3,Lolos
U01434,12.029,1.912,42.0,15.8,L1,Lolos
U01435,11.379,2.148,52.3,18.1,L2,Lolos
U01436,12.219,2.107,42.8,19.5,L3,Lolos
U01437,11.907,2.014,49.2,17.9,L3,Lolos
U01438,11.606,2.121,49.3,12.7,L1,Lolos
U01439,,2.459,51.6,19.4,L1,Gagal
U01440,12.328,2.319,37.5,13.5,L2,Lolos
U01441,11.598,2.169,39.7,13.5,L3,Lolos
U01442,12.103,2.26,52.7,14.1,L1,Lolos
U01443,12.071,1.809,48.0,17.5,L1,Lolos
U01444,10.356,1.891,53.3,15.1,L3,Gagal
U01445,11.82,2.016,41.6,13.7,L2,Lolos
U01446,11.948,2.187,55.4,19.1,L1,Lolos
U01447,10.995,2.366,49.2,17.9,L3,Gagal
U01448,12.143,1.812,45.8,20.3,L3,Lolos
U01449,11.325,,48.0,15.8,L3,Lolos
U01450,11.25,1.843,37.2,17.8,L3,Lolos
U01451,11.35,2.168,40.4,20.4,L2,Lolos
U01452,11.525,2.072,42.3,14.1,L1,Lolos
U01453,11.736,1.944,50.2,16.0,L3,Lolos
U01454,11.842,1.866,42.4,21.0,L2,Lolos
U01455,11.977,2.033,36.4,18.1,L2,Lolos
U01456,11.988,,35.8,17.5,L1,Lolos
U01457,11.983,1.738,40.4,17.9,L1,Lolos
U01458,12.4,2.151,36.1,21.7,L1,Lolos
U01459,11.413,2.289,49.6,17.9,L2,Lolos
U01460,12.117,,49.8,18.1,L1,Lolos
U01461,,2.587,55.7,17.9,L3,Gagal
U01462,11.558,1.888,43.4,13.2,L2,Lolos
U01463,12.187,2.032,49.4,19.5,L1,Lolos
U01464,12.13,1.967,49.2,15.5,L2,Lolos
U01465,11.985,2.031,39.1,14.2,L3,Lolos
U01466,11.154,2.234,39.9,12.8,L1,Lolos
U01467,12.337,1.973,49.2,13.4,L3,Lolos
U01468,12.079,1.541,46.6,11.2,L3,Lolos
U01469,12.141,2.2,48.6,14.9,L2,Lolos
U01470,10.813,2.099,39.6,16.7,L1,Lolos
U01471,11.814,2.037,40.5,21.2,L2,Lolos
U01472,11.498,1.706,47.8,18.2,L3,Lolos
U01473,12.453,1.792,40.9,18.8,L1,Lolos
U01474,11.613,1.821,35.9,21.8,L3,Lolos
U01475,12.518,1.854,41.0,9.4,L1,Lolos
U01476,12.333,1.877,43.8,19.2,L2,Lolos
U01477,,1.705,55.2,18.9,L2,Lolos
U01478,12.397,2.538,40.0,20.5,L1,Lolos
U01479,11.669,,44.6,12.6,L2,Lolos
U01480,11.732,,57.3,16.3,L2,Lolos
U01481,12.323,1.992,38.4,15.2,L1,Lolos
U01482,11.671,2.457,49.0,14.1,L1,Lolos
U01483,,2.406,40.7,24.9,L2,Lolos
U01484,11.888,1.815,47.4,16.3,L1,Lolos
U01485,11.691,2.062,59.0,20.8,L2,Lolos
U01486,12.653,1.954,49.7,20.1,L1,Lolos
U01487,12.271,1.933,45.9,13.7,L1,Lolos
U01488,11.798,1.959,39.3,16.4,L2,Lolos
U01489,11.65,1.979,43.9,18.2,L3,Lolos
U01490,10.928,2.436,50.3,19.2,L2,Gagal
U01491,12.416,2.054,36.3,19.0,L2,Lolos
U01492,12.102,2.36,32.2,23.3,L3,Lolos
U01493,11.667,1.798,40.0,20.7,L2,Lolos
U01494,11.497,2.242,44.8,20.0,L3,Lolos
U01495,11.868,1.731,51.7,20.9,L2,Lolos
U01496,12.111,2.059,40.6,22.1,L1,Lolos
U01497,11.835,2.261,46.1,16.1,L2,Lolos
U01498,12.353,2.142,34.8,13.3,L2,Lolos
U01499,12.185,1.921,40.2,16.2,L2,Lolos
U01500,,2.071,30.3,13.9,L1,Lolos
U01501,12.178,2.413,58.4,15.1,L3,Lolos
U01502,11.514,1.852,46.2,18.3,L1,Lolos
U01503,11.826,,46.0,16.3,L3,Lolos
U01504,11.636,2.241,48.2,19.9,L2,Lolos
U01505,12.135,1.903,60.2,18.9,L3,Lolos
U01506,11.641,2.434,42.4,19.1,L1,Lolos
U01507,12.029,2.518,39.1,14.2,L1,Lolos
U01508,11.942,2.274,57.0,15.4,L1,Lolos
U01509,12.21,2.274,37.6,12.3,L3,Lolos
U01510,11.581,1.568,52.8,19.7,L1,Lolos
U01511,12.158,1.67,44.6,23.8,L2,Lolos
U01512,10.977,2.444,53.1,18.5,L1,Gagal
U01513,11.662,1.836,36.4,18.8,L1,Lolos
U01514,11.95,2.156,60.6,16.4,L3,Lolos
U01515,12.418,,42.7,17.4,L1,Lolos
U01516,,2.155,40.8,21.8,L3,Lolos
U01517,11.378,1.956,48.3,18.3,L3,Lolos
U01518,11.669,1.865,41.1,19.9,L3,Lolos
U01519,10.448,2.633,58.2,21.9,L2,Gagal
U01520,12.654,1.923,37.4,21.3,L3,Lolos
U01521,12.136,1.596,45.9,18.1,L3,Lolos
U01522,11.736,2.114,41.4,18.3,L3,Lolos
U01523,11.951,2.096,40.3,16.8,L2,Lolos
U01524,12.55,1.957,39.4,19.5,L2,Lolos
U01525,11.916,2.588,50.3,16.8,L3,Lolos
U01526,10.672,2.413,51.9,19.1,L1,Gagal
U01527,11.858,2.254,43.9,21.1,L2,Lolos
U01528,,2.081,47.6,12.9,L1,Lolos
U01529,11.816,2.318,51.8,12.4,L2,Lolos
U01530,11.047,2.55,45.4,17.9,L1,Gagal
U01531,11.663,1.985,50.4,20.0,L1,Gagal
U01532,12.215,2.191,39.5,18.9,L1,Lolos
U01533,11.922,2.075,43.7,14.4,L3,Lolos
U01534,11.511,2.199,51.4,20.7,L3,Lolos
U01535,10.937,2.123,47.3,23.7,L2,Gagal
U01536,11.766,2.12,39.5,15.4,L2,Lolos
U01537,11.727,1.601,43.6,15.8,L1,Lolos
U01538,11.916,1.88,47.3,18.1,L1,Lolos
U01539,12.168,1.824,52.3,17.6,L1,Lolos
U01540,11.782,2.124,34.8,21.6,L1,Lolos
U01541,10.175,2.316,65.0,18.9,L2,Gagal
U01542,11.664,1.657,48.1,17.1,L3,Lolos
U01543,12.592,1.858,43.6,16.2,L1,Lolos
U01544,12.192,,36.2,13.4,L2,Lolos
U01545,11.665,2.033,41.6,22.1,L2,Lolos
U01546,12.451,1.814,51.2,19.9,L1,Lolos
U01547,11.916,2.21,45.2,17.7,L2,Lolos
U01548,12.797,2.391,43.9,18.3,L2,Lolos
U01549,12.092,2.227,39.2,17.7,L3,Lolos
U01550,12.198,1.423,49.4,12.7,L2,Lolos
U01551,12.293,2.059,44.1,13.7,L2,Lolos
U01552,12.52,1.965,43.6,17.4,L3,Lolos
U01553,11.846,1.491,44.4,17.3,L3,Lolos
U01554,12.49,1.677,41.1,18.0,L2,Lolos
U01555,11.782,2.2,40.1,23.1,L2,Lolos
U01556,11.873,2.046,35.9,17.1,L2,Lolos
U01557,11.389,,52.0,15.7,L3,Gagal
U01558,12.322,1.837,34.2,18.2,L1,Lolos
U01559,11.884,2.271,47.9,13.8,L1,Lolos
U01560,12.578,1.693,41.0,18.5,L3,Lolos
U01561,12.464,1.778,42.6,15.8,L2,Lolos
U01562,12.014,1.921,44.8,18.7,L2,Lolos
U01563,11.662,1.619,40.2,17.5,L1,Lolos
U01564,11.648,,46.6,17.6,L2,Gagal
U01565,11.267,,46.3,19.9,L2,Lolos
U01566,12.259,1.789,56.3,20.2,L2,Lolos
U01567,11.712,2.195,50.5,24.1,L1,Lolos
U01568,11.676,2.239,63.7,20.1,L1,Gagal
U01569,10.733,1.944,43.1,17.3,L2,Gagal
U01570,10.527,2.042,53.4,16.1,L2,Gagal
U01571,12.153,2.016,43.8,19.0,L3,Lolos
U01572,12.211,1.472,53.6,22.4,L1,Lolos
U01573,11.781,1.868,50.5,20.6,L3,Lolos
U01574,11.884,2.061,44.0,15.9,L2,Lolos
U01575,12.333,2.217,31.3,19.4,L1,Lolos
U01576,,1.962,38.0,18.7,L3,Lolos
U01577,11.877,1.848,48.8,21.1,L2,Lolos
U01578,11.788,1.828,43.1,18.9,L1,Lolos
U01579,11.521,1.883,44.3,18.8,L2,Lolos
U01580,12.089,2.156,48.7,14.5,L1,Lolos
U01581,12.284,2.088,51.8,20.4,L3,Lolos
U01582,12.053,,40.3,13.8,L1,Lolos
U01583,11.676,2.158,48.5,18.3,L3,Lolos
U01584,12.625,2.0,54.7,16.3,L1,Lolos
U01585,11.264,1.666,53.6,16.2,L1,Lolos
U01586,12.307,1.722,41.8,19.7,L1,Lolos
U01587,12.076,2.15,46.8,18.0,L3,Lolos
U01588,12.164,1.657,49.5,10.8,L2,Lolos
U01589,,2.108,54.8,17.4,L1,Gagal
U01590,11.006,2.237,49.4,16.8,L1,Gagal
U01591,12.103,1.742,34.6,21.8,L1,Lolos
U01592,11.97,1.583,39.8,14.3,L2,Lolos
U01593,11.372,1.706,40.8,23.8,L1,Lolos
U01594,11.807,2.029,46.1,20.6,L2,Gagal
U01595,12.228,2.153,45.7,17.2,L1,Lolos
U01596,12.012,2.099,50.2,16.7,L3,Lolos
U01597,12.035,1.81,42.5,16.1,L2,Lolos
U01598,12.589,1.658,31.8,19.0,L1,Lolos
U01599,11.74,2.292,44.3,15.6,L1,Lolos
U01600,11.661,2.11,46.6,17.6,L3,Lolos
U01601,12.298,1.845,46.2,14.7,L1,Lolos
U01602,12.162,2.297,40.7,20.1,L1,Lolos
U01603,10.9,2.478,45.5,18.5,L1,Gagal
U01604,12.381,2.08,50.3,16.6,L1,Lolos
U01605,12.103,1.74,47.1,17.3,L3,Lolos
U01606,,1.621,40.9,15.9,L3,Lolos
U01607,12.172,,36.0,18.9,L3,Lolos
U01608,12.119,2.521,46.3,14.2,L1,Lolos
U01609,11.969,1.793,39.6,20.7,L3,Lolos
U01610,12.135,2.016,47.3,18.5,L3,Lolos
U01611,12.219,2.115,45.9,16.7,L3,Lolos
U01612,,1.995,57.5,19.8,L3,Lolos
U01613,12.038,1.961,44.5,19.2,L3,Lolos
U01614,11.905,,57.0,14.9,L2,Lolos
U01615,12.084,2.12,45.5,21.9,L1,Lolos
U01616,12.417,1.74,41.0,10.5,L3,Lolos
U01617,12.22,1.89,38.7,21.3,L3,Lolos
U01618,11.886,1.424,39.7,17.5,L2,Lolos
U01619,12.019,1.534,47.6,21.0,L2,Lolos
U01620,,1.675,45.8,22.3,L3,Lolos
U01621,12.262,2.213,34.0,16.7,L2,Lolos
U01622,12.053,1.932,51.1,16.9,L2,Lolos
U01623,12.399,2.174,53.9,18.9,L3,Lolos
U01624,11.81,2.096,33.9,14.6,L3,Lolos
U01625,12.115,2.065,51.1,17.0,L1,Lolos
U01626,12.656,1.764,55.1,16.8,L1,Lolos
U01627,12.229,2.019,34.2,14.4,L1,Lolos
U01628,12.567,2.064,42.2,16.6,L1,Lolos
U01629,11.971,2.55,39.9,20.3,L3,Lolos
U01630,11.833,1.913,50.8,20.0,L3,Lolos
U01631,12.406,2.183,42.5,17.5,L2,Lolos
U01632,11.36,1.969,42.3,18.2,L3,Lolos
U01633,12.063,1.824,47.5,17.1,L2,Lolos
U01634,12.361,2.217,54.4,12.7,L3,Lolos
U01635,12.197,2.473,44.6,14.9,L3,Lolos
U01636,11.264,2.066,42.2,20.9,L3,Lolos
U01637,10.251,1.995,50.0,21.6,L3,Gagal
U01638,11.96,2.117,48.9,15.4,L1,Lolos
U01639,12.025,2.498,44.4,21.4,L3,Gagal
U01640,12.18,2.554,44.9,14.4,L2,Lolos
U01641,11.998,2.186,39.4,16.4,L1,Lolos
U01642,12.256,1.767,37.8,17.6,L3,Lolos
U01643,12.153,2.319,33.3,17.2,L3,Lolos
U01644,11.955,2.194,41.9,15.9,L1,Lolos
U01645,11.277,2.539,55.4,18.4,L2,Gagal
U01646,11.773,2.111,33.1,20.3,L3,Lolos
U01647,11.336,2.665,60.4,13.6,L3,Gagal
U01648,11.704,2.11,41.1,18.4,L2,Lolos
U01649,12.171,1.936,38.6,20.9,L1,Lolos
U01650,11.097,2.381,60.8,16.8,L2,Gagal
U01651,11.895,1.971,52.9,16.4,L2,Lolos
U01652,12.222,,54.0,15.4,L3,Lolos
U01653,12.54,2.02,46.7,24.0,L1,Lolos
U01654,11.643,1.921,44.6,22.5,L1,Lolos
U01655,12.334,1.955,47.3,17.1,L3,Lolos
U01656,11.94,2.124,66.1,21.5,L3,Gagal
U01657,11.504,1.798,55.6,16.4,L2,Gagal
U01658,12.28,2.256,51.8,17.5,L2,Lolos
U01659,11.911,,41.4,14.8,L2,Lolos
U01660,,,40.0,12.5,L1,Lolos
U01661,11.041,2.148,55.6,16.3,L1,Lolos
U01662,12.506,1.873,45.0,16.7,L2,Lolos
U01663,11.611,1.873,46.3,19.3,L2,Lolos
U01664,,2.094,48.3,20.0,L1,Lolos
U01665,10.878,2.346,48.5,17.6,L2,Gagal
U01666,12.524,2.07,42.4,15.0,L2,Lolos
U01667,11.92,1.806,41.1,16.0,L3,Lolos
U01668,11.81,1.912,47.0,22.8,L2,Lolos
U01669,12.392,2.212,47.2,19.9,L2,Lolos
U01670,12.256,,41.4,22.3,L2,Lolos
U01671,11.883,2.24,57.2,23.3,L1,Lolos
U01672,10.167,2.476,53.8,16.0,L2,Gagal
U01673,11.606,2.193,45.6,20.5,L2,Lolos
U01674,11.48,2.913,58.2,15.3,L2,Gagal
U01675,12.147,1.662,39.8,21.1,L1,Lolos
U01676,12.061,2.602,41.9,20.5,L3,Lolos
U01677,11.246,,54.0,11.7,L2,Gagal
U01678,11.318,2.656,36.1,19.2,L1,Lolos
U01679,10.806,2.087,54.2,15.4,L2,Gagal
U01680,11.896,2.096,57.3,17.0,L3,Lolos
U01681,12.343,2.04,56.0,16.0,L1,Lolos
U01682,,2.221,50.4,20.7,L2,Lolos
U01683,12.369,,52.1,15.9,L1,Lolos
U01684,11.335,2.293,54.0,14.2,L1,Gagal
U01685,11.398,2.195,42.4,15.6,L2,Lolos
U01686,12.006,1.973,54.9,17.4,L1,Lolos
U01687,12.175,1.871,39.3,19.2,L2,Lolos
U01688,12.306,2.113,50.8,21.6,L2,Lolos
U01689,11.242,1.871,41.9,19.5,L1,Lolos
U01690,12.118,,42.3,19.8,L3,Lolos
U01691,10.402,2.178,55.0,20.2,L2,Gagal
U01692,11.901,2.014,57.2,20.5,L1,Lolos
U01693,12.724,1.768,53.6,21.1,L2,Lolos
U01694,11.925,1.992,47.0,25.5,L3,Lolos
U01695,12.157,1.728,45.4,20.4,L1,Lolos
U01696,11.958,1.995,49.7,18.9,L3,Lolos
U01697,11.773,2.382,60.7,16.6,L1,Gagal
U01698,12.193,1.851,34.4,18.9,L3,Lolos
U01699,12.313,1.767,44.2,21.5,L2,Lolos
U01700,11.728,2.195,38.7,14.3,L1,Lolos
U01701,12.053,2.228,43.7,21.8,L3,Lolos
U01702,12.066,2.106,37.5,16.7,L1,Lolos
U01703,11.423,1.884,34.2,17.3,L1,Lolos
U01704,11.666,1.843,37.1,19.6,L2,Lolos
U01705,12.312,,41.7,16.4,L3,Lolos
U01706,11.838,1.985,48.5,19.4,L1,Lolos
U01707,12.914,1.569,40.1,14.5,L2,Lolos
U01708,12.337,1.754,39.8,20.6,L2,Lolos
U01709,12.158,2.313,47.4,18.6,L3,Lolos
U01710,11.925,2.355,45.5,18.0,L3,Gagal
U01711,12.27,2.307,55.2,18.8,L3,Lolos
U01712,12.064,2.254,50.6,17.9,L1,Lolos
U01713,11.505,1.922,38.8,19.3,L1,Lolos
U01714,12.233,1.926,41.0,17.4,L3,Lolos
U01715,12.489,2.242,49.5,17.1,L2,Lolos
U01716,11.792,2.19,39.7,12.7,L1,Lolos
U01717,11.361,2.247,43.1,22.1,L2,Lolos
U01718,11.626,1.997,34.7,14.5,L1,Lolos
U01719,12.616,2.036,37.2,22.8,L1,Lolos
U01720,12.028,1.936,52.6,17.3,L2,Lolos
U01721,12.511,1.987,46.0,21.7,L3,Lolos
U01722,12.007,1.829,41.2,21.1,L2,Lolos
U01723,11.826,1.981,42.1,20.9,L1,Lolos
U01724,12.747,1.96,55.3,18.1,L1,Lolos
U01725,11.87,1.885,41.1,14.4,L3,Lolos
U01726,,2.198,47.8,17.5,L3,Lolos
U01727,12.161,1.647,50.2,17.1,L3,Lolos
U01728,11.898,2.084,53.7,17.7,L3,Lolos
U01729,,1.77,39.9,14.3,L2,Lolos
U01730,,1.943,46.6,17.1,L2,Gagal
U01731,11.01,2.195,49.3,9.2,L2,Gagal
U01732,11.784,,49.4,17.1,L2,Lolos
U01733,11.418,1.436,57.0,18.4,L3,Lolos
U01734,11.709,2.042,49.6,15.7,L2,Lolos
U01735,11.74,,41.0,17.2,L1,Lolos
U01736,11.346,2.263,62.2,18.5,L2,Gagal
U01737,11.715,2.046,42.2,21.0,L3,Lolos
U01738,11.487,1.697,40.0,21.2,L3,Lolos
U01739,11.599,1.989,43.0,18.9,L1,Lolos
U01740,12.136,1.687,41.5,17.9,L3,Lolos
U01741,12.241,2.513,40.8,19.1,L1,Lolos
U01742,11.823,2.215,52.3,23.4,L3,Lolos
U01743,11.86,2.062,41.9,19.5,L1,Lolos
U01744,12.215,1.761,35.5,18.8,L1,Lolos
U01745,12.058,1.931,48.5,21.2,L1,Lolos
U01746,11.597,1.98,51.1,18.1,L2,Gagal
U01747,11.945,2.06,39.5,15.4,L1,Lolos
U01748,11.709,2.1,49.2,19.4,L2,Lolos
U01749,12.38,2.056,40.6,18.5,L3,Lolos
U01750,11.891,2.086,42.3,17.3,L3,Lolos
U01751,11.724,1.958,45.3,19.6,L2,Lolos
U01752,12.312,2.086,43.3,12.6,L2,Lolos
U01753,12.507,1.841,42.4,16.4,L3,Lolos
U01754,12.064,1.734,30.9,15.4,L1,Lolos
U01755,11.649,2.462,44.0,15.7,L3,Lolos
U01756,12.537,2.104,54.7,17.5,L3,Lolos
U01757,12.132,2.452,48.8,15.3,L3,Lolos
U01758,11.016,2.379,50.4,23.0,L3,Gagal
U01759,,2.603,47.8,19.4,L3,Lolos
U01760,12.395,2.02,48.8,15.6,L2,Lolos
U01761,11.612,2.286,39.9,12.8,L3,Lolos
U01762,11.579,2.008,52.5,16.2,L2,Lolos
U01763,,2.041,46.0,17.0,L1,Lolos
U01764,10.954,2.566,57.6,16.1,L1,Gagal
U01765,12.336,1.877,54.5,25.6,L1,Lolos
U01766,12.482,2.245,32.6,13.0,L3,Lolos
U01767,12.074,1.998,37.9,18.2,L2,Lolos
U01768,11.692,2.208,48.8,17.6,L3,Lolos
U01769,12.22,2.226,49.0,17.3,L1,Lolos
U01770,,2.354,54.9,12.2,L3,Lolos
U01771,11.425,2.475,37.9,17.9,L3,Gagal
U01772,11.739,1.622,50.2,18.5,L1,Lolos
U01773,12.107,1.92,37.5,20.1,L2,Lolos
U01774,11.515,1.994,47.5,19.4,L2,Lolos
U01775,11.659,2.003,44.6,21.7,L3,Lolos
U01776,11.284,2.578,58.4,11.9,L2,Gagal
U01777,,2.284,43.6,17.3,L2,Lolos
U01778,10.324,2.308,59.1,25.5,L3,Gagal
U01779,12.087,2.608,40.0,21.2,L3,Lolos
U01780,12.183,1.913,44.5,13.6,L1,Lolos
U01781,11.925,1.933,46.2,18.3,L1,Lolos
U01782,11.245,1.727,55.1,14.9,L3,Lolos
U01783,12.037,1.61,50.0,16.7,L2,Lolos
U01784,11.908,1.973,55.8,24.0,L2,Gagal
U01785,12.16,2.253,48.8,20.9,L3,Lolos
U01786,12.005,2.185,51.5,13.4,L2,Lolos
U01787,,1.779,47.2,15.7,L2,Lolos
U01788,12.202,2.025,38.8,18.0,L3,Lolos
U01789,12.073,,48.8,17.2,L3,Lolos
U01790,12.248,1.492,44.8,18.9,L3,Lolos
U01791,11.616,2.443,42.9,15.7,L2,Lolos
U01792,12.042,2.263,40.3,16.9,L3,Lolos
U01793,11.41,2.847,56.8,15.6,L3,Gagal
U01794,11.349,2.776,56.8,16.9,L3,Gagal
U01795,11.319,1.49,39.3,20.1,L2,Lolos
U01796,11.863,1.945,38.4,18.9,L3,Lolos
U01797,12.173,2.8,63.3,15.9,L3,Gagal
U01798,,1.998,50.2,21.4,L3,Lolos
U01799,11.989,2.186,45.5,21.2,L2,Lolos
U01800,11.244,2.362,48.6,18.0,L2,Lolos
